ID,TENURE,AGE,GENDER,AREA_CD,STATE,REGION,STATUS_AFTER,OFFER_TAKER,OFFER_TAKE_UP_DT,TIME_CD,ARPU_BEFORE,ARPU_AFTER,OFFER_CD,OFFER_NAME,OFFER_TYPE,MONTH,YEAR
S1,30,-9999,?,11,SABAH,EAST WEST,Active,N,?,Unknown,0,3,Unknown,Unknown,Unknown,October,2022
S10,37,22,Female,11,SABAH,EAST WEST,Active,N,?,Unknown,2.4,0,Unknown,Unknown,Unknown,October,2022
S100,25,24,Male,12,SARAWAK,EAST WEST,Active,N,?,Unknown,0,0,Unknown,Unknown,Unknown,October,2022
S101,106,24,Male,11,SABAH,EAST WEST,Close,N,?,Unknown,0,0,Unknown,Unknown,Unknown,October,2022
S102,19,24,Male,1,JOHORE,SOURTHERN,Active,Y,05/10/2022,1,27.98,0,A002,BOS_2,Free Internet (10GB),October,2022
S103,14,24,Female,3,KELANTAN,EASTERN,Active,N,?,Unknown,9.2,0,Unknown,Unknown,Unknown,October,2022
S104,82,24,Female,13,TERENGGANU,EASTERN,Active,N,?,Unknown,0,0,Unknown,Unknown,Unknown,October,2022
S105,41,24,Male,11,SABAH,EAST WEST,Active,N,?,Unknown,2,0,Unknown,Unknown,Unknown,October,2022
S106,28,24,Male,11,SABAH,EAST WEST,Active,Y,06/10/2022,2,0,0,A002,BOS_2,Free Internet (10GB),October,2022
S107,71,24,Female,3,KELANTAN,EASTERN,Active,Y,05/10/2022,1,0,0,A002,BOS_2,Free Internet (10GB),October,2022
S108,19,24,Male,12,SARAWAK,EAST WEST,Active,Y,06/10/2022,2,100,0,A002,BOS_2,Free Internet (10GB),October,2022
S109,39,24,Male,6,N SEMBILAN,SOURTHERN,Active,N,?,Unknown,0,0,Unknown,Unknown,Unknown,October,2022
S11,71,22,Female,8,PENANG,NORTHERN,Active,Y,06/10/2022,2,0.15,1.2,A002,BOS_2,Free Internet (10GB),October,2022
S110,34,24,Female,13,TERENGGANU,EASTERN,Active,Y,06/10/2022,2,0,0,A002,BOS_2,Free Internet (10GB),October,2022
S111,28,24,Male,4,KLANG VALLEY,CENTRAL,Active,N,?,Unknown,0,0,Unknown,Unknown,Unknown,October,2022
S112,26,24,Male,12,SARAWAK,EAST WEST,Active,Y,05/10/2022,1,100,110,A002,BOS_2,Free Internet (10GB),October,2022
S113,24,24,Female,13,TERENGGANU,EASTERN,Active,Y,05/10/2022,1,0,7,A002,BOS_2,Free Internet (10GB),October,2022
S114,16,24,Male,4,KLANG VALLEY,CENTRAL,Active,Y,05/10/2022,1,0,0,A002,BOS_2,Free Internet (10GB),October,2022
S115,80,24,Male,2,KEDAH,NORTHERN,Active,Y,05/10/2022,1,0,0,A002,BOS_2,Free Internet (10GB),October,2022
S116,20,24,Female,11,SABAH,EAST WEST,Active,Y,06/10/2022,2,0,0,A002,BOS_2,Free Internet (10GB),October,2022
S117,32,24,Male,12,SARAWAK,EAST WEST,Active,N,?,Unknown,8.8,30.28,Unknown,Unknown,Unknown,October,2022
S118,24,24,Female,1,JOHORE,SOURTHERN,Active,N,?,Unknown,0,1,Unknown,Unknown,Unknown,October,2022
S119,36,24,Female,8,PENANG,NORTHERN,Active,N,?,Unknown,0,0,Unknown,Unknown,Unknown,October,2022
S12,23,22,Male,12,SARAWAK,EAST WEST,Active,Y,05/10/2022,1,17,17.41,A002,BOS_2,Free Internet (10GB),October,2022
S120,19,24,Male,12,SARAWAK,EAST WEST,Active,Y,05/10/2022,1,0,0,A002,BOS_2,Free Internet (10GB),October,2022
S121,48,24,Male,2,KEDAH,NORTHERN,Active,Y,06/10/2022,2,7,0,A002,BOS_2,Free Internet (10GB),October,2022
S122,69,24,Female,8,PENANG,NORTHERN,Active,Y,06/10/2022,2,0,0,A002,BOS_2,Free Internet (10GB),October,2022
S123,41,24,Male,3,KELANTAN,EASTERN,Active,Y,06/10/2022,2,0.3,0,A002,BOS_2,Free Internet (10GB),October,2022
S124,111,25,Male,13,TERENGGANU,EASTERN,Active,Y,05/10/2022,1,0,0,A002,BOS_2,Free Internet (10GB),October,2022
S125,28,25,Female,12,SARAWAK,EAST WEST,Active,Y,06/10/2022,2,27.99,27.99,A001,BOS_1,FREE Internet (18GB),October,2022
S126,156,25,Male,12,SARAWAK,EAST WEST,Active,Y,06/10/2022,2,4,0,A001,BOS_1,FREE Internet (18GB),October,2022
S127,21,25,Male,1,JOHORE,SOURTHERN,Active,Y,06/10/2022,2,30.49,33.99,A001,BOS_1,FREE Internet (18GB),October,2022
S128,26,25,Male,4,KLANG VALLEY,CENTRAL,Active,N,?,Unknown,0,0,Unknown,Unknown,Unknown,October,2022
S129,47,25,Male,4,KLANG VALLEY,CENTRAL,Active,N,?,Unknown,0,0,Unknown,Unknown,Unknown,October,2022
S13,22,22,Male,11,SABAH,EAST WEST,Active,Y,06/10/2022,2,0.1,0,A001,BOS_1,FREE Internet (18GB),October,2022
S130,34,25,Male,4,KLANG VALLEY,CENTRAL,Active,Y,06/10/2022,2,0.6,0,A001,BOS_1,FREE Internet (18GB),October,2022
S131,35,25,Male,4,KLANG VALLEY,CENTRAL,Active,N,?,Unknown,0.32,59.75,Unknown,Unknown,Unknown,October,2022
S132,41,25,Female,1,JOHORE,SOURTHERN,Active,Y,06/10/2022,2,9.3,0,A001,BOS_1,FREE Internet (18GB),October,2022
S133,20,25,Female,7,PAHANG,EASTERN,Active,Y,06/10/2022,2,1,0,A001,BOS_1,FREE Internet (18GB),October,2022
S134,85,25,Female,11,SABAH,EAST WEST,Active,N,?,Unknown,0,27.99,Unknown,Unknown,Unknown,October,2022
S135,73,25,Unspecified,12,SARAWAK,EAST WEST,Active,Y,06/10/2022,2,0,0,A001,BOS_1,FREE Internet (18GB),October,2022
S136,85,25,Female,9,PERAK,NORTHERN,Active,Y,06/10/2022,2,0,5.96,A001,BOS_1,FREE Internet (18GB),October,2022
S137,160,25,Female,12,SARAWAK,EAST WEST,Active,N,?,Unknown,0,0,Unknown,Unknown,Unknown,October,2022
S138,107,25,Female,9,PERAK,NORTHERN,Active,N,?,Unknown,0,1,Unknown,Unknown,Unknown,October,2022
S139,17,25,Female,1,JOHORE,SOURTHERN,Active,Y,06/10/2022,2,0,0,A001,BOS_1,FREE Internet (18GB),October,2022
S14,16,22,M,1,JOHORE,SOURTHERN,Active,N,?,Unknown,0,0,Unknown,Unknown,Unknown,October,2022
S140,30,25,Male,4,KLANG VALLEY,CENTRAL,Active,N,?,Unknown,0,0,Unknown,Unknown,Unknown,October,2022
S141,21,25,Female,6,N SEMBILAN,SOURTHERN,Active,Y,05/10/2022,1,31,0,A001,BOS_1,FREE Internet (18GB),October,2022
S142,48,25,Male,1,JOHORE,SOURTHERN,Active,N,?,Unknown,0,0,Unknown,Unknown,Unknown,October,2022
S143,88,25,Female,1,JOHORE,SOURTHERN,Active,N,?,Unknown,4.6,0,Unknown,Unknown,Unknown,October,2022
S144,34,25,Male,9,PERAK,NORTHERN,Active,N,?,Unknown,0,0,Unknown,Unknown,Unknown,October,2022
S145,21,25,Male,12,SARAWAK,EAST WEST,Close,N,?,Unknown,0,0,Unknown,Unknown,Unknown,October,2022
S146,20,25,Female,2,KEDAH,NORTHERN,Active,N,?,Unknown,0.1,0,Unknown,Unknown,Unknown,October,2022
S147,44,25,Female,11,SABAH,EAST WEST,Active,Y,06/10/2022,2,33.01,0,A001,BOS_1,FREE Internet (18GB),October,2022
S148,29,25,Unspecified,8,PENANG,NORTHERN,Active,Y,06/10/2022,2,0,0,A001,BOS_1,FREE Internet (18GB),October,2022
S149,37,25,Female,11,SABAH,EAST WEST,Active,Y,06/10/2022,2,0,0,A001,BOS_1,FREE Internet (18GB),October,2022
S15,35,22,Female,12,SARAWAK,EAST WEST,Active,N,?,Unknown,0,5.01,Unknown,Unknown,Unknown,October,2022
S150,76,25,Male,12,SARAWAK,EAST WEST,Active,Y,05/10/2022,1,0,0,A001,BOS_1,FREE Internet (18GB),October,2022
S151,23,25,Male,4,KLANG VALLEY,CENTRAL,Active,Y,05/10/2022,1,17,13,A001,BOS_1,FREE Internet (18GB),October,2022
S152,90,25,Female,7,PAHANG,EASTERN,Active,N,?,Unknown,0,0,Unknown,Unknown,Unknown,October,2022
S153,37,25,Male,9,PERAK,NORTHERN,Active,Y,05/10/2022,1,3.2,0,A001,BOS_1,FREE Internet (18GB),October,2022
S154,35,25,Unspecified,11,SABAH,EAST WEST,Active,Y,06/10/2022,2,0,0,A001,BOS_1,FREE Internet (18GB),October,2022
S155,23,25,Male,9,PERAK,NORTHERN,Active,N,?,Unknown,0,18.2,Unknown,Unknown,Unknown,October,2022
S156,76,25,Male,12,SARAWAK,EAST WEST,Active,Y,05/10/2022,1,0,0,A001,BOS_1,FREE Internet (18GB),October,2022
S157,20,25,Male,10,PERLIS,NORTHERN,Active,Y,05/10/2022,1,10,4.8,A001,BOS_1,FREE Internet (18GB),October,2022
S158,50,25,Female,1,JOHORE,SOURTHERN,Active,Y,05/10/2022,1,0.8,1.47,A001,BOS_1,FREE Internet (18GB),October,2022
S159,152,25,Male,9,PERAK,NORTHERN,Active,Y,06/10/2022,2,0.36,1.4,A001,BOS_1,FREE Internet (18GB),October,2022
S16,43,22,Male,5,KLANG VALLEY,CENTRAL,Active,Y,06/10/2022,2,2.2,0,A001,BOS_1,FREE Internet (18GB),October,2022
S160,69,25,Male,10,PERLIS,NORTHERN,Active,N,?,Unknown,0,0,Unknown,Unknown,Unknown,October,2022
S161,51,25,Unspecified,4,KLANG VALLEY,CENTRAL,Active,N,?,Unknown,0,0,Unknown,Unknown,Unknown,October,2022
S162,95,25,Male,2,KEDAH,NORTHERN,Active,N,?,Unknown,0,0,Unknown,Unknown,Unknown,October,2022
S163,18,25,Female,7,PAHANG,EASTERN,Active,Y,05/10/2022,1,0,0,A001,BOS_1,FREE Internet (18GB),October,2022
S164,60,25,Male,9,PERAK,NORTHERN,Active,Y,05/10/2022,1,4.8,0,A001,BOS_1,FREE Internet (18GB),October,2022
S165,45,25,Male,1,JOHORE,SOURTHERN,Active,N,?,Unknown,0,0,Unknown,Unknown,Unknown,October,2022
S166,18,25,Male,9,PERAK,NORTHERN,Active,Y,05/10/2022,1,0,0,A001,BOS_1,FREE Internet (18GB),October,2022
S167,59,25,Male,4,KLANG VALLEY,CENTRAL,Active,Y,06/10/2022,2,0,0,A001,BOS_1,FREE Internet (18GB),October,2022
S168,24,25,Male,11,SABAH,EAST WEST,Active,Y,05/10/2022,1,0,0,A001,BOS_1,FREE Internet (18GB),October,2022
S169,72,26,Female,13,TERENGGANU,EASTERN,Active,Y,06/10/2022,2,0,0,A002,BOS_2,Free Internet (10GB),October,2022
S17,30,22,Male,4,KLANG VALLEY,CENTRAL,Active,Y,05/10/2022,1,27.98,43.9,A001,BOS_1,FREE Internet (18GB),October,2022
S170,35,26,Male,12,SARAWAK,EAST WEST,Active,Y,06/10/2022,2,20.8,5.6,A002,BOS_2,Free Internet (10GB),October,2022
S171,65,26,Male,2,KEDAH,NORTHERN,Active,N,?,Unknown,0,0,Unknown,Unknown,Unknown,October,2022
S172,22,26,Male,8,PENANG,NORTHERN,Active,Y,06/10/2022,2,0,0,A002,BOS_2,Free Internet (10GB),October,2022
S173,81,26,Female,9,PERAK,NORTHERN,Active,Y,05/10/2022,1,0,26.21,A002,BOS_2,Free Internet (10GB),October,2022
S174,15,26,Male,5,MALACCA,SOURTHERN,Active,Y,06/10/2022,2,1,0,A002,BOS_2,Free Internet (10GB),October,2022
S175,73,26,Male,1,JOHORE,SOURTHERN,Active,N,?,Unknown,0,0,Unknown,Unknown,Unknown,October,2022
S176,70,26,Male,11,SABAH,EAST WEST,Active,Y,05/10/2022,1,0,0,A002,BOS_2,Free Internet (10GB),October,2022
S177,3,26,Male,1,JOHORE,SOURTHERN,Active,Y,05/10/2022,1,37.01,0,A002,BOS_2,Free Internet (10GB),October,2022
S178,17,26,Male,4,KLANG VALLEY,CENTRAL,Active,Y,05/10/2022,1,1.7,0,A002,BOS_2,Free Internet (10GB),October,2022
S179,94,26,Female,7,PAHANG,EASTERN,Active,N,?,Unknown,0,0,Unknown,Unknown,Unknown,October,2022
S18,32,22,Female,2,KEDAH,NORTHERN,Active,Y,05/10/2022,1,4,4,A001,BOS_1,FREE Internet (18GB),October,2022
S180,119,26,Female,9,PERAK,NORTHERN,Active,Y,06/10/2022,2,20,0,A002,BOS_2,Free Internet (10GB),October,2022
S181,41,26,Female,2,KEDAH,NORTHERN,Active,N,?,Unknown,0,0,Unknown,Unknown,Unknown,October,2022
S182,28,26,Male,4,KLANG VALLEY,CENTRAL,Active,N,?,Unknown,0,0,Unknown,Unknown,Unknown,October,2022
S183,56,26,Male,12,SARAWAK,EAST WEST,Active,Y,06/10/2022,2,3.9,3.9,A002,BOS_2,Free Internet (10GB),October,2022
S184,29,26,Male,12,SARAWAK,EAST WEST,Active,Y,05/10/2022,1,20.39,15,A002,BOS_2,Free Internet (10GB),October,2022
S185,102,26,Female,11,SABAH,EAST WEST,Active,Y,05/10/2022,1,0,0.2,A002,BOS_2,Free Internet (10GB),October,2022
S186,29,26,Male,8,PENANG,NORTHERN,Active,Y,06/10/2022,2,5.03,0,A002,BOS_2,Free Internet (10GB),October,2022
S187,21,26,Male,3,KELANTAN,EASTERN,Active,Y,06/10/2022,2,0,0,A002,BOS_2,Free Internet (10GB),October,2022
S188,60,26,Female,8,PENANG,NORTHERN,Active,Y,05/10/2022,1,0,0,A002,BOS_2,Free Internet (10GB),October,2022
S189,26,26,Male,11,SABAH,EAST WEST,Active,Y,05/10/2022,1,60.6,0,A002,BOS_2,Free Internet (10GB),October,2022
S19,43,22,Male,7,N SEMBILAN,SOURTHERN,Active,N,?,Unknown,0.66,0,Unknown,Unknown,Unknown,October,2022
S190,21,26,Male,3,KELANTAN,EASTERN,Active,N,?,Unknown,0,0,Unknown,Unknown,Unknown,October,2022
S191,35,26,Male,4,KLANG VALLEY,CENTRAL,Active,Y,05/10/2022,1,2,0,A002,BOS_2,Free Internet (10GB),October,2022
S192,67,26,Male,12,SARAWAK,EAST WEST,Active,Y,05/10/2022,1,4.1,0,A002,BOS_2,Free Internet (10GB),October,2022
S193,18,26,Male,3,KELANTAN,EASTERN,Close,N,?,Unknown,0,0,Unknown,Unknown,Unknown,October,2022
S194,17,26,Male,12,SARAWAK,EAST WEST,Active,Y,06/10/2022,2,120,0,A002,BOS_2,Free Internet (10GB),October,2022
S195,33,26,Male,3,KELANTAN,EASTERN,Active,Y,06/10/2022,2,0,0,A002,BOS_2,Free Internet (10GB),October,2022
S196,47,26,Male,8,PENANG,NORTHERN,Active,Y,05/10/2022,1,0,0,A002,BOS_2,Free Internet (10GB),October,2022
S197,46,26,Female,12,SARAWAK,EAST WEST,Active,Y,05/10/2022,1,0,0,A002,BOS_2,Free Internet (10GB),October,2022
S198,71,26,Female,5,MALACCA,SOURTHERN,Active,N,?,Unknown,0.5,14.26,Unknown,Unknown,Unknown,October,2022
S199,100,26,Male,13,TERENGGANU,EASTERN,Active,Y,05/10/2022,1,0,0,A002,BOS_2,Free Internet (10GB),October,2022
S2,37,22,?,1,JOHORE,SOURTHERN,Active,Y,05/10/2022,1,0,23.36,A001,BOS_1,FREE Internet (18GB),October,2022
S20,18,22,Female,8,PENANG,NORTHERN,Active,N,?,Unknown,0,0,Unknown,Unknown,Unknown,October,2022
S200,41,26,Male,11,SABAH,EAST WEST,Active,N,?,Unknown,0,0,Unknown,Unknown,Unknown,October,2022
S201,32,26,Female,4,KLANG VALLEY,CENTRAL,Active,N,?,Unknown,1,1,Unknown,Unknown,Unknown,October,2022
S202,67,26,Male,9,PERAK,NORTHERN,Active,Y,06/10/2022,2,2.4,0,A002,BOS_2,Free Internet (10GB),October,2022
S203,90,26,Male,7,PAHANG,EASTERN,Active,N,?,Unknown,2,5,Unknown,Unknown,Unknown,October,2022
S204,48,26,Female,9,PERAK,NORTHERN,Active,N,?,Unknown,2,71.49,Unknown,Unknown,Unknown,October,2022
S205,109,26,Male,2,KEDAH,NORTHERN,Active,Y,06/10/2022,2,0.15,0,A002,BOS_2,Free Internet (10GB),October,2022
S206,29,26,Female,1,JOHORE,SOURTHERN,Active,N,?,Unknown,0,0,Unknown,Unknown,Unknown,October,2022
S207,40,27,Female,4,KLANG VALLEY,CENTRAL,Active,N,?,Unknown,0,0,Unknown,Unknown,Unknown,October,2022
S208,82,27,Female,9,PERAK,NORTHERN,Active,Y,06/10/2022,2,0,0,A002,BOS_2,Free Internet (10GB),October,2022
S209,40,27,Male,4,KLANG VALLEY,CENTRAL,Active,N,?,Unknown,0,0,Unknown,Unknown,Unknown,October,2022
S21,16,22,Male,3,KELANTAN,EASTERN,Active,Y,06/10/2022,2,0,0,A001,BOS_1,FREE Internet (18GB),October,2022
S210,33,27,Male,8,PENANG,NORTHERN,Active,Y,06/10/2022,2,0.15,3.37,A002,BOS_2,Free Internet (10GB),October,2022
S211,150,27,Male,4,KLANG VALLEY,CENTRAL,Active,Y,06/10/2022,2,0,0,A002,BOS_2,Free Internet (10GB),October,2022
S212,137,27,Male,11,SABAH,EAST WEST,Active,Y,06/10/2022,2,15,0,A001,BOS_1,FREE Internet (18GB),October,2022
S213,61,27,Male,12,SARAWAK,EAST WEST,Active,Y,06/10/2022,2,0,0,A001,BOS_1,FREE Internet (18GB),October,2022
S214,58,27,Female,1,JOHORE,SOURTHERN,Active,N,?,Unknown,0,0,Unknown,Unknown,Unknown,October,2022
S215,28,27,Male,1,JOHORE,SOURTHERN,Active,N,?,Unknown,3,1.02,Unknown,Unknown,Unknown,October,2022
S216,49,27,Male,11,SABAH,EAST WEST,Active,N,?,Unknown,0,5.9,Unknown,Unknown,Unknown,October,2022
S217,25,27,Female,4,KLANG VALLEY,CENTRAL,Active,Y,06/10/2022,2,0,0,A001,BOS_1,FREE Internet (18GB),October,2022
S218,56,27,Male,8,PENANG,NORTHERN,Active,Y,06/10/2022,2,71.46,13.8,A001,BOS_1,FREE Internet (18GB),October,2022
S219,15,27,Female,11,SABAH,EAST WEST,Close,N,?,Unknown,0,0,Unknown,Unknown,Unknown,October,2022
S22,48,22,Female,1,JOHORE,SOURTHERN,Active,N,?,Unknown,0,0.8,Unknown,Unknown,Unknown,October,2022
S220,36,27,Male,9,PERAK,NORTHERN,Active,N,?,Unknown,0,0,Unknown,Unknown,Unknown,October,2022
S221,28,27,Male,11,SABAH,EAST WEST,Active,Y,05/10/2022,1,5.79,36.94,A001,BOS_1,FREE Internet (18GB),October,2022
S222,83,27,Male,4,KLANG VALLEY,CENTRAL,Active,Y,06/10/2022,2,4.2,0,A001,BOS_1,FREE Internet (18GB),October,2022
S223,62,27,Female,13,TERENGGANU,EASTERN,Active,Y,05/10/2022,1,0,0,A001,BOS_1,FREE Internet (18GB),October,2022
S224,50,27,Female,1,JOHORE,SOURTHERN,Active,Y,06/10/2022,2,2,0,A001,BOS_1,FREE Internet (18GB),October,2022
S225,59,27,Male,12,SARAWAK,EAST WEST,Active,Y,05/10/2022,1,0.13,0,A001,BOS_1,FREE Internet (18GB),October,2022
S226,33,27,Male,3,KELANTAN,EASTERN,Active,N,?,Unknown,0,7,Unknown,Unknown,Unknown,October,2022
S227,91,27,Male,8,PENANG,NORTHERN,Active,N,?,Unknown,0,1,Unknown,Unknown,Unknown,October,2022
S228,19,27,Male,4,KLANG VALLEY,CENTRAL,Active,N,?,Unknown,0,0,Unknown,Unknown,Unknown,October,2022
S229,43,27,Male,2,KEDAH,NORTHERN,Active,Y,06/10/2022,2,0,0,A001,BOS_1,FREE Internet (18GB),October,2022
S23,99,22,Male,11,SABAH,EAST WEST,Active,Y,05/10/2022,1,0,0,A001,BOS_1,FREE Internet (18GB),October,2022
S230,69,27,Female,9,PERAK,NORTHERN,Active,Y,06/10/2022,2,0,0,A001,BOS_1,FREE Internet (18GB),October,2022
S231,20,27,Female,4,KLANG VALLEY,CENTRAL,Active,Y,05/10/2022,1,0,0,A001,BOS_1,FREE Internet (18GB),October,2022
S232,62,27,Female,1,JOHORE,SOURTHERN,Active,Y,05/10/2022,1,2,2,A001,BOS_1,FREE Internet (18GB),October,2022
S233,27,27,Male,5,MALACCA,SOURTHERN,Active,Y,06/10/2022,2,2,37,A001,BOS_1,FREE Internet (18GB),October,2022
S234,123,27,Female,1,JOHORE,SOURTHERN,Active,Y,05/10/2022,1,2,0,A001,BOS_1,FREE Internet (18GB),October,2022
S235,71,27,Female,1,JOHORE,SOURTHERN,Active,Y,05/10/2022,1,1,17.65,A001,BOS_1,FREE Internet (18GB),October,2022
S236,44,27,Male,9,PERAK,NORTHERN,Active,Y,05/10/2022,1,37,35.14,A001,BOS_1,FREE Internet (18GB),October,2022
S237,89,27,Female,11,SABAH,EAST WEST,Active,Y,05/10/2022,1,0,30.99,A001,BOS_1,FREE Internet (18GB),October,2022
S238,49,27,Male,1,JOHORE,SOURTHERN,Active,Y,05/10/2022,1,6,2,A001,BOS_1,FREE Internet (18GB),October,2022
S239,24,27,Male,5,MALACCA,SOURTHERN,Active,Y,06/10/2022,2,13.2,0,A001,BOS_1,FREE Internet (18GB),October,2022
S24,59,22,Male,12,SARAWAK,EAST WEST,Active,Y,05/10/2022,1,0,0,A001,BOS_1,FREE Internet (18GB),October,2022
S240,16,27,Female,7,PAHANG,EASTERN,Active,Y,05/10/2022,1,3.1,20.4,A001,BOS_1,FREE Internet (18GB),October,2022
S241,43,28,Male,12,SARAWAK,EAST WEST,Active,Y,05/10/2022,1,0,0,A001,BOS_1,FREE Internet (18GB),October,2022
S242,20,28,Male,5,MALACCA,SOURTHERN,Active,N,?,Unknown,0,0,Unknown,Unknown,Unknown,October,2022
S243,20,28,Female,12,SARAWAK,EAST WEST,Active,Y,05/10/2022,1,0,1,A001,BOS_1,FREE Internet (18GB),October,2022
S244,29,28,Male,12,SARAWAK,EAST WEST,Active,Y,06/10/2022,2,100,115,A001,BOS_1,FREE Internet (18GB),October,2022
S245,23,28,Male,4,KLANG VALLEY,CENTRAL,Active,N,?,Unknown,0,0,Unknown,Unknown,Unknown,October,2022
S246,31,28,Male,7,PAHANG,EASTERN,Active,Y,06/10/2022,2,0.6,2.4,A001,BOS_1,FREE Internet (18GB),October,2022
S247,23,28,Male,12,SARAWAK,EAST WEST,Active,Y,05/10/2022,1,0,0,A001,BOS_1,FREE Internet (18GB),October,2022
S248,36,28,Male,8,PENANG,NORTHERN,Active,Y,05/10/2022,1,14,15.9,A001,BOS_1,FREE Internet (18GB),October,2022
S249,39,28,Female,4,KLANG VALLEY,CENTRAL,Active,Y,05/10/2022,1,0,0,A001,BOS_1,FREE Internet (18GB),October,2022
S25,79,22,Male,9,PERAK,NORTHERN,Active,Y,06/10/2022,2,0,3,A001,BOS_1,FREE Internet (18GB),October,2022
S250,25,28,Female,4,KLANG VALLEY,CENTRAL,Active,N,?,Unknown,0,0,Unknown,Unknown,Unknown,October,2022
S251,24,28,Male,5,MALACCA,SOURTHERN,Active,Y,06/10/2022,2,8.52,0,A001,BOS_1,FREE Internet (18GB),October,2022
S252,37,28,Male,5,MALACCA,SOURTHERN,Active,N,?,Unknown,4.8,5.8,Unknown,Unknown,Unknown,October,2022
S253,72,28,Male,4,KLANG VALLEY,CENTRAL,Active,Y,05/10/2022,1,0,0,A001,BOS_1,FREE Internet (18GB),October,2022
S254,20,28,Male,11,SABAH,EAST WEST,Close,N,?,Unknown,0,0,Unknown,Unknown,Unknown,October,2022
S255,18,28,Male,13,TERENGGANU,EASTERN,Active,Y,06/10/2022,2,15,0,A001,BOS_1,FREE Internet (18GB),October,2022
S256,76,28,Male,6,N SEMBILAN,SOURTHERN,Active,N,?,Unknown,0,5.6,Unknown,Unknown,Unknown,October,2022
S257,20,28,Male,12,SARAWAK,EAST WEST,Active,Y,06/10/2022,2,8.91,2.81,A001,BOS_1,FREE Internet (18GB),October,2022
S258,117,28,Female,9,PERAK,NORTHERN,Active,Y,05/10/2022,1,2,0,A001,BOS_1,FREE Internet (18GB),October,2022
S259,50,28,Female,1,JOHORE,SOURTHERN,Active,Y,06/10/2022,2,0,0,A001,BOS_1,FREE Internet (18GB),October,2022
S26,17,22,Male,4,KLANG VALLEY,CENTRAL,Active,Y,05/10/2022,1,44.9,0,A001,BOS_1,FREE Internet (18GB),October,2022
S260,41,28,Female,9,PERAK,NORTHERN,Active,Y,06/10/2022,2,0,0,A001,BOS_1,FREE Internet (18GB),October,2022
S261,63,28,Male,11,SABAH,EAST WEST,Active,Y,05/10/2022,1,0,0,A001,BOS_1,FREE Internet (18GB),October,2022
S262,23,28,Female,4,KLANG VALLEY,CENTRAL,Active,Y,06/10/2022,2,0,0,A001,BOS_1,FREE Internet (18GB),October,2022
S263,63,28,Female,5,MALACCA,SOURTHERN,Active,Y,05/10/2022,1,0,0,A001,BOS_1,FREE Internet (18GB),October,2022
S264,53,28,Male,2,KEDAH,NORTHERN,Active,N,?,Unknown,0,0,Unknown,Unknown,Unknown,October,2022
S265,93,28,Unspecified,11,SABAH,EAST WEST,Active,N,?,Unknown,0,0,Unknown,Unknown,Unknown,October,2022
S266,40,28,Female,1,JOHORE,SOURTHERN,Active,Y,05/10/2022,1,0,0,A001,BOS_1,FREE Internet (18GB),October,2022
S267,65,28,Male,12,SARAWAK,EAST WEST,Active,Y,05/10/2022,1,50.64,30.26,A001,BOS_1,FREE Internet (18GB),October,2022
S268,20,28,Unspecified,2,KEDAH,NORTHERN,Active,Y,06/10/2022,2,0,0,A001,BOS_1,FREE Internet (18GB),October,2022
S269,36,28,Male,11,SABAH,EAST WEST,Active,Y,06/10/2022,2,0.6,6,A001,BOS_1,FREE Internet (18GB),October,2022
S27,15,22,Male,9,PERAK,NORTHERN,Active,Y,06/10/2022,2,0,0,A002,BOS_2,Free Internet (10GB),October,2022
S270,116,28,Male,11,SABAH,EAST WEST,Active,Y,06/10/2022,2,11,4,A001,BOS_1,FREE Internet (18GB),October,2022
S271,28,28,Male,4,KLANG VALLEY,CENTRAL,Active,N,?,Unknown,0,0,Unknown,Unknown,Unknown,October,2022
S272,15,29,Male,2,KEDAH,NORTHERN,Active,Y,05/10/2022,1,0,0,A001,BOS_1,FREE Internet (18GB),October,2022
S273,46,29,Male,8,PENANG,NORTHERN,Active,Y,06/10/2022,2,113.88,0,A001,BOS_1,FREE Internet (18GB),October,2022
S274,19,29,Male,9,PERAK,NORTHERN,Active,Y,05/10/2022,1,0,0,A001,BOS_1,FREE Internet (18GB),October,2022
S275,33,29,Female,7,PAHANG,EASTERN,Active,Y,05/10/2022,1,10.42,0,A001,BOS_1,FREE Internet (18GB),October,2022
S276,62,29,Female,4,KLANG VALLEY,CENTRAL,Active,N,?,Unknown,12.17,3,Unknown,Unknown,Unknown,October,2022
S277,51,29,Male,1,JOHORE,SOURTHERN,Active,Y,05/10/2022,1,0,0,A001,BOS_1,FREE Internet (18GB),October,2022
S278,64,29,Male,12,SARAWAK,EAST WEST,Active,Y,05/10/2022,1,0,0,A001,BOS_1,FREE Internet (18GB),October,2022
S279,152,29,Male,4,KLANG VALLEY,CENTRAL,Active,Y,06/10/2022,2,6.04,0,A001,BOS_1,FREE Internet (18GB),October,2022
S28,35,22,Male,7,PAHANG,EASTERN,Active,N,?,Unknown,0,0,A002,Unknown,Unknown,October,2022
S280,36,29,Male,4,KLANG VALLEY,CENTRAL,Active,N,?,Unknown,0,0,Unknown,Unknown,Unknown,October,2022
S281,50,29,Male,6,N SEMBILAN,SOURTHERN,Active,Y,06/10/2022,2,0.13,0.13,A001,BOS_1,FREE Internet (18GB),October,2022
S282,44,29,Female,4,KLANG VALLEY,CENTRAL,Active,N,?,Unknown,0,0,Unknown,Unknown,Unknown,October,2022
S283,65,29,Male,11,SABAH,EAST WEST,Active,Y,06/10/2022,2,0,0,A001,BOS_1,FREE Internet (18GB),October,2022
S284,106,29,Male,13,TERENGGANU,EASTERN,Active,N,?,Unknown,0,0,Unknown,Unknown,Unknown,October,2022
S285,30,29,Male,1,JOHORE,SOURTHERN,Active,Y,05/10/2022,1,25.2,0,A001,BOS_1,FREE Internet (18GB),October,2022
S286,53,29,Female,5,MALACCA,SOURTHERN,Active,Y,05/10/2022,1,7.8,0,A001,BOS_1,FREE Internet (18GB),October,2022
S287,41,29,Female,13,TERENGGANU,EASTERN,Active,Y,06/10/2022,2,15,0,A001,BOS_1,FREE Internet (18GB),October,2022
S288,42,29,Male,5,MALACCA,SOURTHERN,Close,N,?,Unknown,0,0,Unknown,Unknown,Unknown,October,2022
S289,39,29,Male,1,JOHORE,SOURTHERN,Active,Y,06/10/2022,2,7.99,0,A001,BOS_1,FREE Internet (18GB),October,2022
S29,20,22,Male,11,SABAH,EAST WEST,Active,N,?,Unknown,0,0,A002,Unknown,Unknown,October,2022
S290,30,29,Male,3,KELANTAN,EASTERN,Active,Y,06/10/2022,2,4,8,A001,BOS_1,FREE Internet (18GB),October,2022
S291,24,29,Male,9,PERAK,NORTHERN,Active,Y,05/10/2022,1,0,0,A001,BOS_1,FREE Internet (18GB),October,2022
S292,53,29,Male,4,KLANG VALLEY,CENTRAL,Active,Y,06/10/2022,2,0,98.75,A001,BOS_1,FREE Internet (18GB),October,2022
S293,29,29,Male,11,SABAH,EAST WEST,Active,Y,06/10/2022,2,0.35,2.35,A001,BOS_1,FREE Internet (18GB),October,2022
S294,30,29,Female,11,SABAH,EAST WEST,Active,N,?,Unknown,0,0,Unknown,Unknown,Unknown,October,2022
S295,72,29,Male,6,N SEMBILAN,SOURTHERN,Active,N,?,Unknown,0,1,Unknown,Unknown,Unknown,October,2022
S296,20,29,Unspecified,1,JOHORE,SOURTHERN,Active,N,?,Unknown,0,0,Unknown,Unknown,Unknown,October,2022
S297,24,29,Female,12,SARAWAK,EAST WEST,Active,Y,05/10/2022,1,5,0,A001,BOS_1,FREE Internet (18GB),October,2022
S298,36,29,Male,4,KLANG VALLEY,CENTRAL,Active,N,?,Unknown,0,0,Unknown,Unknown,Unknown,October,2022
S299,63,29,Female,1,JOHORE,SOURTHERN,Active,Y,05/10/2022,1,11.2,1.8,A001,BOS_1,FREE Internet (18GB),October,2022
S3,30,20,F,11,SABAH,EAST WEST,Close,N,?,Unknown,0,0,Unknown,Unknown,Unknown,October,2022
S30,21,22,Male,1,JOHORE,SOURTHERN,Active,Y,06/10/2022,2,36.39,0,A002,BOS_2,Free Internet (10GB),October,2022
S300,79,29,Female,4,KLANG VALLEY,CENTRAL,Active,Y,05/10/2022,1,0.8,14,A001,BOS_1,FREE Internet (18GB),October,2022
S301,21,29,Unspecified,11,SABAH,EAST WEST,Active,Y,06/10/2022,2,0,6.9,A001,BOS_1,FREE Internet (18GB),October,2022
S302,37,29,Male,4,KLANG VALLEY,CENTRAL,Active,Y,06/10/2022,2,12,0,A001,BOS_1,FREE Internet (18GB),October,2022
S303,69,29,Male,11,SABAH,EAST WEST,Active,N,?,Unknown,1,3.5,Unknown,Unknown,Unknown,October,2022
S304,24,29,Male,11,SABAH,EAST WEST,Active,N,?,Unknown,6,25.61,Unknown,Unknown,Unknown,October,2022
S305,152,29,Male,12,SARAWAK,EAST WEST,Active,Y,05/10/2022,1,0,0,A001,BOS_1,FREE Internet (18GB),October,2022
S306,49,30,Female,4,KLANG VALLEY,CENTRAL,Active,Y,05/10/2022,1,0,0,A001,BOS_1,FREE Internet (18GB),October,2022
S307,53,30,Male,7,PAHANG,EASTERN,Active,Y,05/10/2022,1,0,0,A001,BOS_1,FREE Internet (18GB),October,2022
S308,35,30,Male,13,TERENGGANU,EASTERN,Active,Y,06/10/2022,2,0,0,A001,BOS_1,FREE Internet (18GB),October,2022
S309,90,30,Female,3,KELANTAN,EASTERN,Active,Y,05/10/2022,1,0,0,A001,BOS_1,FREE Internet (18GB),October,2022
S31,72,22,Female,9,PERAK,NORTHERN,Active,Y,06/10/2022,2,0,0,A002,BOS_2,Free Internet (10GB),October,2022
S310,29,30,Male,3,KELANTAN,EASTERN,Active,N,?,Unknown,0,0,Unknown,Unknown,Unknown,October,2022
S311,118,30,Female,11,SABAH,EAST WEST,Active,Y,05/10/2022,1,20.28,0,A001,BOS_1,FREE Internet (18GB),October,2022
S312,15,30,Male,12,SARAWAK,EAST WEST,Active,Y,06/10/2022,2,0,0,A001,BOS_1,FREE Internet (18GB),October,2022
S313,23,30,Female,1,JOHORE,SOURTHERN,Active,N,?,Unknown,0,0,Unknown,Unknown,Unknown,October,2022
S314,27,30,Female,12,SARAWAK,EAST WEST,Active,Y,05/10/2022,1,0,0,A001,BOS_1,FREE Internet (18GB),October,2022
S315,71,30,Male,1,JOHORE,SOURTHERN,Active,N,?,Unknown,0,0,Unknown,Unknown,Unknown,October,2022
S316,24,30,Male,12,SARAWAK,EAST WEST,Active,Y,06/10/2022,2,27,0,A001,BOS_1,FREE Internet (18GB),October,2022
S317,22,30,Male,9,PERAK,NORTHERN,Close,N,?,Unknown,0,0,Unknown,Unknown,Unknown,October,2022
S318,31,30,Male,7,PAHANG,EASTERN,Active,Y,05/10/2022,1,0,0,A001,BOS_1,FREE Internet (18GB),October,2022
S319,63,30,Female,,KLANG VALLEY,CENTRAL,Active,N,?,Unknown,0.6,0,Unknown,Unknown,Unknown,October,2022
S32,20,22,Male,1,JOHORE,SOURTHERN,Active,N,?,Unknown,0,0,Unknown,Unknown,Unknown,October,2022
S320,18,30,Male,5,MALACCA,SOURTHERN,Active,Y,06/10/2022,2,35,35,A001,BOS_1,FREE Internet (18GB),October,2022
S321,93,30,Male,9,PERAK,NORTHERN,Active,N,?,Unknown,12.45,0,Unknown,Unknown,Unknown,October,2022
S322,68,30,Male,4,KLANG VALLEY,CENTRAL,Active,N,?,Unknown,0,0,Unknown,Unknown,Unknown,October,2022
S323,117,30,Male,6,N SEMBILAN,SOURTHERN,Active,Y,06/10/2022,2,0,0,A001,BOS_1,FREE Internet (18GB),October,2022
S324,119,30,Male,1,JOHORE,SOURTHERN,Active,Y,05/10/2022,1,0,0,A001,BOS_1,FREE Internet (18GB),October,2022
S325,21,30,Male,4,KLANG VALLEY,CENTRAL,Active,N,?,Unknown,0.3,0,Unknown,Unknown,Unknown,October,2022
S326,33,30,Male,11,SABAH,EAST WEST,Active,Y,05/10/2022,1,1,0,A001,BOS_1,FREE Internet (18GB),October,2022
S327,26,30,Male,9,PERAK,NORTHERN,Active,Y,06/10/2022,2,30,30,A001,BOS_1,FREE Internet (18GB),October,2022
S328,28,30,Male,2,KEDAH,NORTHERN,Active,Y,06/10/2022,2,0.3,0,A001,BOS_1,FREE Internet (18GB),October,2022
S329,107,31,Male,12,SARAWAK,EAST WEST,Active,Y,06/10/2022,2,0,8,A001,BOS_1,FREE Internet (18GB),October,2022
S33,60,22,Male,7,PAHANG,EASTERN,Active,Y,05/10/2022,1,0,0,A001,BOS_1,FREE Internet (18GB),October,2022
S330,34,31,Male,5,MALACCA,SOURTHERN,Active,N,?,Unknown,0,0,Unknown,Unknown,Unknown,October,2022
S331,17,31,Male,3,KELANTAN,EASTERN,Active,N,?,Unknown,1.2,0,Unknown,Unknown,Unknown,October,2022
S332,88,31,Male,5,MALACCA,SOURTHERN,Active,Y,05/10/2022,1,10,0,A001,BOS_1,FREE Internet (18GB),October,2022
S333,15,31,Male,13,TERENGGANU,EASTERN,Active,N,?,Unknown,0,0,Unknown,Unknown,Unknown,October,2022
S334,32,31,Male,3,KELANTAN,EASTERN,Active,Y,05/10/2022,1,10.3,11,A001,BOS_1,FREE Internet (18GB),October,2022
S335,99,31,Male,4,KLANG VALLEY,CENTRAL,Active,N,?,Unknown,0.6,2.5,Unknown,Unknown,Unknown,October,2022
S336,75,31,Male,6,N SEMBILAN,SOURTHERN,Active,Y,05/10/2022,1,12,20,A001,BOS_1,FREE Internet (18GB),October,2022
S337,21,31,Male,4,KLANG VALLEY,CENTRAL,Active,Y,06/10/2022,2,3,0,A001,BOS_1,FREE Internet (18GB),October,2022
S338,49,31,Male,8,PENANG,NORTHERN,Active,Y,06/10/2022,2,0,38,A001,BOS_1,FREE Internet (18GB),October,2022
S339,65,31,Female,2,KEDAH,NORTHERN,Active,Y,06/10/2022,2,0,0,A001,BOS_1,FREE Internet (18GB),October,2022
S34,34,22,Female,4,KLANG VALLEY,CENTRAL,Active,N,?,Unknown,5.02,0,Unknown,Unknown,Unknown,October,2022
S340,20,31,Male,9,PERAK,NORTHERN,Active,Y,05/10/2022,1,4.81,0,A001,BOS_1,FREE Internet (18GB),October,2022
S341,19,31,Male,1,JOHORE,SOURTHERN,Active,Y,06/10/2022,2,60.97,0,A001,BOS_1,FREE Internet (18GB),October,2022
S342,32,31,Male,4,KLANG VALLEY,CENTRAL,Active,N,?,Unknown,3.9,75.3,Unknown,Unknown,Unknown,October,2022
S343,21,31,Male,9,PERAK,NORTHERN,Active,Y,06/10/2022,2,4,0.39,A001,BOS_1,FREE Internet (18GB),October,2022
S344,71,31,Male,1,JOHORE,SOURTHERN,Active,N,?,Unknown,1,0,Unknown,Unknown,Unknown,October,2022
S345,23,31,Female,3,KELANTAN,EASTERN,Active,Y,06/10/2022,2,31.6,0,A001,BOS_1,FREE Internet (18GB),October,2022
S346,23,31,Female,1,JOHORE,SOURTHERN,Close,N,?,Unknown,0,0,Unknown,Unknown,Unknown,October,2022
S347,94,31,Female,9,PERAK,NORTHERN,Active,Y,05/10/2022,1,2,0,A001,BOS_1,FREE Internet (18GB),October,2022
S348,26,31,Male,2,KEDAH,NORTHERN,Active,Y,06/10/2022,2,0,0.4,A001,BOS_1,FREE Internet (18GB),October,2022
S349,19,31,Female,4,KLANG VALLEY,CENTRAL,Active,Y,05/10/2022,1,0,0,A001,BOS_1,FREE Internet (18GB),October,2022
S35,24,22,Female,4,KLANG VALLEY,CENTRAL,Active,Y,05/10/2022,1,0,0,A001,BOS_1,FREE Internet (18GB),October,2022
S350,84,31,Male,11,SABAH,EAST WEST,Active,Y,06/10/2022,2,0,4,A001,BOS_1,FREE Internet (18GB),October,2022
S351,35,31,Male,1,JOHORE,SOURTHERN,Active,N,?,Unknown,0,0,Unknown,Unknown,Unknown,October,2022
S352,60,31,Female,1,JOHORE,SOURTHERN,Active,Y,06/10/2022,2,49.99,0,A001,BOS_1,FREE Internet (18GB),October,2022
S353,108,31,Male,4,KLANG VALLEY,CENTRAL,Active,N,?,Unknown,0,0,Unknown,Unknown,Unknown,October,2022
S354,18,31,Male,9,PERAK,NORTHERN,Active,Y,06/10/2022,2,6,35.79,A001,BOS_1,FREE Internet (18GB),October,2022
S355,167,31,Female,4,KLANG VALLEY,CENTRAL,Active,Y,06/10/2022,2,0,0,A001,BOS_1,FREE Internet (18GB),October,2022
S356,79,31,Male,11,SABAH,EAST WEST,Active,Y,06/10/2022,2,0,0.13,A001,BOS_1,FREE Internet (18GB),October,2022
S357,39,31,Male,1,JOHORE,SOURTHERN,Active,Y,05/10/2022,1,20,20,A001,BOS_1,FREE Internet (18GB),October,2022
S358,23,32,Male,9,PERAK,NORTHERN,Active,N,?,Unknown,0.7,0,Unknown,Unknown,Unknown,October,2022
S359,94,32,Female,5,MALACCA,SOURTHERN,Active,N,?,Unknown,27.12,0,Unknown,Unknown,Unknown,October,2022
S36,46,22,Female,11,SABAH,EAST WEST,Active,Y,06/10/2022,2,69.51,38.7,A001,BOS_1,FREE Internet (18GB),October,2022
S360,44,32,Male,9,PERAK,NORTHERN,Active,Y,05/10/2022,1,0,0.02,A001,BOS_1,FREE Internet (18GB),October,2022
S361,21,32,Female,9,PERAK,NORTHERN,Active,Y,06/10/2022,2,0.1,0.1,A001,BOS_1,FREE Internet (18GB),October,2022
S362,25,32,Female,4,KLANG VALLEY,CENTRAL,Close,N,?,Unknown,0,0,Unknown,Unknown,Unknown,October,2022
S363,22,32,Male,4,KLANG VALLEY,CENTRAL,Close,N,?,Unknown,0,0,Unknown,Unknown,Unknown,October,2022
S364,43,32,Female,4,KLANG VALLEY,CENTRAL,Active,Y,06/10/2022,2,0,0,A001,BOS_1,FREE Internet (18GB),October,2022
S365,162,32,Male,4,KLANG VALLEY,CENTRAL,Active,Y,05/10/2022,1,1.32,0,A001,BOS_1,FREE Internet (18GB),October,2022
S366,25,32,Male,9,PERAK,NORTHERN,Active,N,?,Unknown,0,0,Unknown,Unknown,Unknown,October,2022
S367,82,32,Female,6,N SEMBILAN,SOURTHERN,Active,Y,05/10/2022,1,0,0,A001,BOS_1,FREE Internet (18GB),October,2022
S368,152,32,Male,9,PERAK,NORTHERN,Active,Y,05/10/2022,1,3.26,0,A001,BOS_1,FREE Internet (18GB),October,2022
S369,167,32,Male,4,KLANG VALLEY,CENTRAL,Active,Y,06/10/2022,2,0,6.5,A001,BOS_1,FREE Internet (18GB),October,2022
S37,93,22,Female,7,PAHANG,EASTERN,Active,Y,05/10/2022,1,0,0,A002,BOS_2,Free Internet (10GB),October,2022
S370,185,32,Male,12,SARAWAK,EAST WEST,Active,Y,06/10/2022,2,0,0,A001,BOS_1,FREE Internet (18GB),October,2022
S371,29,32,Male,2,KEDAH,NORTHERN,Active,Y,05/10/2022,1,46.8,0,A001,BOS_1,FREE Internet (18GB),October,2022
S372,19,32,Male,2,KEDAH,NORTHERN,Active,Y,06/10/2022,2,12.5,0,A001,BOS_1,FREE Internet (18GB),October,2022
S373,24,32,Male,1,JOHORE,SOURTHERN,Active,N,?,Unknown,2,0,Unknown,Unknown,Unknown,October,2022
S374,161,32,Male,4,KLANG VALLEY,CENTRAL,Active,Y,05/10/2022,1,0,1.53,A001,BOS_1,FREE Internet (18GB),October,2022
S375,35,32,Male,12,SARAWAK,EAST WEST,Active,Y,05/10/2022,1,0,0,A001,BOS_1,FREE Internet (18GB),October,2022
S376,160,32,Female,1,JOHORE,SOURTHERN,Active,Y,06/10/2022,2,0,15,A001,BOS_1,FREE Internet (18GB),October,2022
S377,178,32,Female,11,SABAH,EAST WEST,Active,Y,05/10/2022,1,1,10.72,A001,BOS_1,FREE Internet (18GB),October,2022
S378,36,32,Male,11,SABAH,EAST WEST,Active,N,?,Unknown,0,7.8,Unknown,Unknown,Unknown,October,2022
S379,25,32,Male,5,MALACCA,SOURTHERN,Active,Y,06/10/2022,2,0,0,A001,BOS_1,FREE Internet (18GB),October,2022
S38,74,22,Male,12,SARAWAK,EAST WEST,Active,Y,06/10/2022,2,14.45,0,A002,BOS_2,Free Internet (10GB),October,2022
S380,139,32,Male,12,SARAWAK,EAST WEST,Active,Y,06/10/2022,2,29.99,29.99,A001,BOS_1,FREE Internet (18GB),October,2022
S381,216,32,Female,9,PERAK,NORTHERN,Active,Y,05/10/2022,1,13.28,4.4,A001,BOS_1,FREE Internet (18GB),October,2022
S382,60,32,Male,7,PAHANG,EASTERN,Close,N,?,Unknown,0,0,Unknown,Unknown,Unknown,October,2022
S383,44,32,Male,4,KLANG VALLEY,CENTRAL,Active,N,?,Unknown,0,0,Unknown,Unknown,Unknown,October,2022
S384,102,32,Male,9,PERAK,NORTHERN,Active,Y,05/10/2022,1,2,30.04,A001,BOS_1,FREE Internet (18GB),October,2022
S385,48,33,Male,12,SARAWAK,EAST WEST,Active,Y,05/10/2022,1,21.9,0,A001,BOS_1,FREE Internet (18GB),October,2022
S386,36,33,Male,2,KEDAH,NORTHERN,Active,Y,06/10/2022,2,0,0,A001,BOS_1,FREE Internet (18GB),October,2022
S387,88,33,Male,9,PERAK,NORTHERN,Active,N,?,Unknown,4,0,Unknown,Unknown,Unknown,October,2022
S388,9,33,Male,14,WILAYAH PERSEKUTUAN,CENTRAL,Active,Y,05/10/2022,1,3.9,11.9,A001,BOS_1,FREE Internet (18GB),October,2022
S389,45,33,Female,4,KLANG VALLEY,CENTRAL,Active,Y,05/10/2022,1,0,0,A001,BOS_1,FREE Internet (18GB),October,2022
S39,23,22,Male,11,SABAH,EAST WEST,Active,N,?,Unknown,16.6,37.73,Unknown,Unknown,Unknown,October,2022
S390,35,33,Male,1,JOHORE,SOURTHERN,Active,N,?,Unknown,0,0,Unknown,Unknown,Unknown,October,2022
S391,144,33,Male,13,TERENGGANU,EASTERN,Active,Y,05/10/2022,1,3,0.65,A001,BOS_1,FREE Internet (18GB),October,2022
S392,29,33,Male,9,PERAK,NORTHERN,Active,Y,06/10/2022,2,0,0,A001,BOS_1,FREE Internet (18GB),October,2022
S393,23,33,Female,11,SABAH,EAST WEST,Active,Y,06/10/2022,2,31.3,0.2,A001,BOS_1,FREE Internet (18GB),October,2022
S394,25,33,Male,4,KLANG VALLEY,CENTRAL,Active,N,?,Unknown,0,0,Unknown,Unknown,Unknown,October,2022
S395,61,33,Male,1,JOHORE,SOURTHERN,Active,Y,06/10/2022,2,2,0,A001,BOS_1,FREE Internet (18GB),October,2022
S396,93,33,Male,4,KLANG VALLEY,CENTRAL,Active,N,?,Unknown,0,0,Unknown,Unknown,Unknown,October,2022
S397,128,33,Female,9,PERAK,NORTHERN,Active,N,?,Unknown,0,0,Unknown,Unknown,Unknown,October,2022
S398,33,33,Female,4,KLANG VALLEY,CENTRAL,Active,N,?,Unknown,0,0,Unknown,Unknown,Unknown,October,2022
S399,45,33,Male,3,KELANTAN,EASTERN,Active,Y,06/10/2022,2,0.3,5,A001,BOS_1,FREE Internet (18GB),October,2022
S4,32,21,M,11,SABAH,EAST WEST,Active,N,?,Unknown,0,0,Unknown,Unknown,Unknown,October,2022
S40,61,23,Male,13,TERENGGANU,EASTERN,Active,Y,06/10/2022,2,0,48,A002,BOS_2,Free Internet (10GB),October,2022
S400,57,33,Female,1,JOHORE,SOURTHERN,Active,Y,06/10/2022,2,0.4,0,A001,BOS_1,FREE Internet (18GB),October,2022
S401,33,33,Male,4,KLANG VALLEY,CENTRAL,Active,N,?,Unknown,0,0,Unknown,Unknown,Unknown,October,2022
S402,42,33,Female,1,JOHORE,SOURTHERN,Active,Y,06/10/2022,2,0.02,0,A001,BOS_1,FREE Internet (18GB),October,2022
S403,19,33,Male,1,JOHORE,SOURTHERN,Active,N,?,Unknown,0,0,Unknown,Unknown,Unknown,October,2022
S404,74,33,Female,4,KLANG VALLEY,CENTRAL,Active,N,?,Unknown,0,0,Unknown,Unknown,Unknown,October,2022
S405,54,33,Female,8,PENANG,NORTHERN,Active,Y,06/10/2022,2,27.99,74.95,A001,BOS_1,FREE Internet (18GB),October,2022
S406,25,33,Male,1,JOHORE,SOURTHERN,Close,N,?,Unknown,0,0,Unknown,Unknown,Unknown,October,2022
S407,27,34,Female,1,JOHORE,SOURTHERN,Active,N,?,Unknown,0,0,Unknown,Unknown,Unknown,October,2022
S408,106,34,Female,7,PAHANG,EASTERN,Active,Y,05/10/2022,1,0,0,A001,BOS_1,FREE Internet (18GB),October,2022
S409,53,34,Male,4,KLANG VALLEY,CENTRAL,Active,Y,05/10/2022,1,0,2,A001,BOS_1,FREE Internet (18GB),October,2022
S41,39,23,Female,10,PERLIS,NORTHERN,Active,Y,05/10/2022,1,3,0,A002,BOS_2,Free Internet (10GB),October,2022
S410,31,34,Male,4,KLANG VALLEY,CENTRAL,Active,Y,06/10/2022,2,0,0,A001,BOS_1,FREE Internet (18GB),October,2022
S411,40,34,Male,4,KLANG VALLEY,CENTRAL,Active,N,?,Unknown,0,45.01,Unknown,Unknown,Unknown,October,2022
S412,39,34,Male,4,KLANG VALLEY,CENTRAL,Active,N,?,Unknown,0.8,0,Unknown,Unknown,Unknown,October,2022
S413,30,34,Male,11,SABAH,EAST WEST,Active,Y,06/10/2022,2,0,0,A001,BOS_1,FREE Internet (18GB),October,2022
S414,29,34,Female,1,JOHORE,SOURTHERN,Active,Y,05/10/2022,1,0,0,A001,BOS_1,FREE Internet (18GB),October,2022
S415,33,34,Male,4,KLANG VALLEY,CENTRAL,Active,Y,05/10/2022,1,0,0,A001,BOS_1,FREE Internet (18GB),October,2022
S416,20,34,Male,9,PERAK,NORTHERN,Active,Y,06/10/2022,2,0,0,A001,BOS_1,FREE Internet (18GB),October,2022
S417,27,34,Female,11,SABAH,EAST WEST,Active,N,?,Unknown,0,0,Unknown,Unknown,Unknown,October,2022
S418,147,35,Male,2,KEDAH,NORTHERN,Active,Y,06/10/2022,2,0,0,A001,BOS_1,FREE Internet (18GB),October,2022
S419,40,35,Male,8,PENANG,NORTHERN,Active,Y,06/10/2022,2,15.93,0,A001,BOS_1,FREE Internet (18GB),October,2022
S42,79,23,Female,11,SABAH,EAST WEST,Active,N,?,Unknown,0,0,Unknown,Unknown,Unknown,October,2022
S420,84,35,Male,2,KEDAH,NORTHERN,Active,Y,05/10/2022,1,4.4,23.24,A001,BOS_1,FREE Internet (18GB),October,2022
S421,67,35,Female,1,JOHORE,SOURTHERN,Active,N,?,Unknown,0,0,Unknown,Unknown,Unknown,October,2022
S422,207,35,Male,9,PERAK,NORTHERN,Active,Y,05/10/2022,1,0,0,A001,BOS_1,FREE Internet (18GB),October,2022
S423,60,35,Female,8,PENANG,NORTHERN,Active,N,?,Unknown,0.6,0,Unknown,Unknown,Unknown,October,2022
S424,18,35,Female,12,SARAWAK,EAST WEST,Active,Y,06/10/2022,2,3,12.3,A001,BOS_1,FREE Internet (18GB),October,2022
S425,30,35,Male,11,SABAH,EAST WEST,Active,N,?,Unknown,9.1,0,Unknown,Unknown,Unknown,October,2022
S426,16,35,Male,12,SARAWAK,EAST WEST,Active,Y,06/10/2022,2,0,0.2,A001,BOS_1,FREE Internet (18GB),October,2022
S427,41,35,Male,2,KEDAH,NORTHERN,Active,Y,06/10/2022,2,0,0,A001,BOS_1,FREE Internet (18GB),October,2022
S428,87,35,Male,8,PENANG,NORTHERN,Active,Y,05/10/2022,1,0,0,A001,BOS_1,FREE Internet (18GB),October,2022
S429,48,35,Male,11,SABAH,EAST WEST,Active,N,?,Unknown,0,0,Unknown,Unknown,Unknown,October,2022
S43,65,23,Male,7,PAHANG,EASTERN,Active,N,?,Unknown,0,25.8,Unknown,Unknown,Unknown,October,2022
S430,80,35,Male,11,SABAH,EAST WEST,Active,Y,05/10/2022,1,0,0,A001,BOS_1,FREE Internet (18GB),October,2022
S431,111,35,Female,12,SARAWAK,EAST WEST,Active,Y,05/10/2022,1,0,0,A001,BOS_1,FREE Internet (18GB),October,2022
S432,19,35,Male,7,PAHANG,EASTERN,Active,N,?,Unknown,0,0,Unknown,Unknown,Unknown,October,2022
S433,64,36,Male,11,SABAH,EAST WEST,Active,Y,05/10/2022,1,0,0,A001,BOS_1,FREE Internet (18GB),October,2022
S434,64,36,Female,5,MALACCA,SOURTHERN,Active,N,?,Unknown,0,0,Unknown,Unknown,Unknown,October,2022
S435,35,36,Male,1,JOHORE,SOURTHERN,Active,Y,06/10/2022,2,12,12,A001,BOS_1,FREE Internet (18GB),October,2022
S436,86,36,Male,4,KLANG VALLEY,CENTRAL,Active,Y,06/10/2022,2,16.65,4,A001,BOS_1,FREE Internet (18GB),October,2022
S437,57,36,Female,12,SARAWAK,EAST WEST,Active,Y,06/10/2022,2,0,0,A001,BOS_1,FREE Internet (18GB),October,2022
S438,23,36,Male,8,PENANG,NORTHERN,Active,Y,05/10/2022,1,0,0,A001,BOS_1,FREE Internet (18GB),October,2022
S439,15,36,Male,2,KEDAH,NORTHERN,Active,Y,06/10/2022,2,0,0,A001,BOS_1,FREE Internet (18GB),October,2022
S44,20,23,Male,2,KEDAH,NORTHERN,Active,N,?,Unknown,0,0,Unknown,Unknown,Unknown,October,2022
S440,33,36,Female,8,PENANG,NORTHERN,Active,N,?,Unknown,0,25.2,Unknown,Unknown,Unknown,October,2022
S441,21,36,Male,1,JOHORE,SOURTHERN,Active,Y,05/10/2022,1,0.6,1.2,A001,BOS_1,FREE Internet (18GB),October,2022
S442,160,36,Female,4,KLANG VALLEY,CENTRAL,Active,Y,05/10/2022,1,0,0,A001,BOS_1,FREE Internet (18GB),October,2022
S443,199,36,Male,4,KLANG VALLEY,CENTRAL,Active,Y,05/10/2022,1,0.8,0.6,A001,BOS_1,FREE Internet (18GB),October,2022
S444,102,36,Male,4,KLANG VALLEY,CENTRAL,Active,Y,05/10/2022,1,0,0,A001,BOS_1,FREE Internet (18GB),October,2022
S445,14,36,Male,8,PENANG,NORTHERN,Active,Y,06/10/2022,2,0,0,A001,BOS_1,FREE Internet (18GB),October,2022
S446,52,36,Male,1,JOHORE,SOURTHERN,Active,Y,05/10/2022,1,20.99,27.9,A001,BOS_1,FREE Internet (18GB),October,2022
S447,36,36,Male,11,SABAH,EAST WEST,Active,N,?,Unknown,0,0,Unknown,Unknown,Unknown,October,2022
S448,23,36,Female,7,PAHANG,EASTERN,Active,N,?,Unknown,0.4,0,Unknown,Unknown,Unknown,October,2022
S449,39,36,Male,12,SARAWAK,EAST WEST,Active,Y,06/10/2022,2,0.3,41.4,A001,BOS_1,FREE Internet (18GB),October,2022
S45,23,23,Female,1,JOHORE,SOURTHERN,Active,Y,05/10/2022,1,0,0,A002,BOS_2,Free Internet (10GB),October,2022
S450,28,36,Male,11,SABAH,EAST WEST,Active,N,?,Unknown,5,7.5,Unknown,Unknown,Unknown,October,2022
S451,15,37,Male,1,JOHORE,SOURTHERN,Active,Y,05/10/2022,1,0,0,A001,BOS_1,FREE Internet (18GB),October,2022
S452,114,37,Male,4,KLANG VALLEY,CENTRAL,Active,Y,05/10/2022,1,0.33,5.2,A001,BOS_1,FREE Internet (18GB),October,2022
S453,65,37,Female,1,JOHORE,SOURTHERN,Active,Y,06/10/2022,2,0.15,0.15,A001,BOS_1,FREE Internet (18GB),October,2022
S454,205,37,Male,11,SABAH,EAST WEST,Active,N,?,Unknown,0,0.79,Unknown,Unknown,Unknown,October,2022
S455,75,37,Male,1,JOHORE,SOURTHERN,Active,Y,06/10/2022,2,0,0,A001,BOS_1,FREE Internet (18GB),October,2022
S456,196,37,Male,12,SARAWAK,EAST WEST,Active,Y,05/10/2022,1,9,2,A001,BOS_1,FREE Internet (18GB),October,2022
S457,125,37,Male,8,PENANG,NORTHERN,Active,Y,05/10/2022,1,15,0,A001,BOS_1,FREE Internet (18GB),October,2022
S458,179,37,Female,12,SARAWAK,EAST WEST,Active,Y,05/10/2022,1,0,0,A001,BOS_1,FREE Internet (18GB),October,2022
S459,43,37,Male,12,SARAWAK,EAST WEST,Active,N,?,Unknown,0,0,Unknown,Unknown,Unknown,October,2022
S46,71,23,Female,4,KLANG VALLEY,CENTRAL,Close,N,?,Unknown,0,0,Unknown,Unknown,Unknown,October,2022
S460,69,37,Male,11,SABAH,EAST WEST,Active,N,?,Unknown,4,20.65,Unknown,Unknown,Unknown,October,2022
S461,24,37,Male,12,SARAWAK,EAST WEST,Active,Y,06/10/2022,2,15.36,0,A001,BOS_1,FREE Internet (18GB),October,2022
S462,17,38,Female,11,SABAH,EAST WEST,Active,Y,06/10/2022,2,0,0,A001,BOS_1,FREE Internet (18GB),October,2022
S463,24,38,Female,12,SARAWAK,EAST WEST,Active,Y,06/10/2022,2,7.8,4.9,A001,BOS_1,FREE Internet (18GB),October,2022
S464,15,38,Male,11,SABAH,EAST WEST,Active,N,?,Unknown,10,0,Unknown,Unknown,Unknown,October,2022
S465,68,38,Female,12,SARAWAK,EAST WEST,Active,N,?,Unknown,0,0,Unknown,Unknown,Unknown,October,2022
S466,84,38,Female,11,SABAH,EAST WEST,Active,N,?,Unknown,0,0,Unknown,Unknown,Unknown,October,2022
S467,69,38,Male,11,SABAH,EAST WEST,Active,N,?,Unknown,4,16,Unknown,Unknown,Unknown,October,2022
S468,29,38,Female,12,SARAWAK,EAST WEST,Active,Y,06/10/2022,2,0,2,A001,BOS_1,FREE Internet (18GB),October,2022
S469,30,38,Male,4,KLANG VALLEY,CENTRAL,Active,N,?,Unknown,5.11,0,Unknown,Unknown,Unknown,October,2022
S47,63,23,Female,1,JOHORE,SOURTHERN,Active,Y,05/10/2022,1,0,0,A002,BOS_2,Free Internet (10GB),October,2022
S470,74,38,Female,12,SARAWAK,EAST WEST,Active,Y,06/10/2022,2,7.21,0,A001,BOS_1,FREE Internet (18GB),October,2022
S471,26,38,Female,12,SARAWAK,EAST WEST,Active,Y,05/10/2022,1,0,0,A001,BOS_1,FREE Internet (18GB),October,2022
S472,60,38,Male,4,KLANG VALLEY,CENTRAL,Active,Y,06/10/2022,2,0,0,A001,BOS_1,FREE Internet (18GB),October,2022
S473,18,38,Unspecified,9,PERAK,NORTHERN,Active,Y,06/10/2022,2,0,0,A001,BOS_1,FREE Internet (18GB),October,2022
S474,57,38,Male,11,SABAH,EAST WEST,Active,Y,05/10/2022,1,0.9,0,A001,BOS_1,FREE Internet (18GB),October,2022
S475,20,38,Male,1,JOHORE,SOURTHERN,Active,Y,05/10/2022,1,3.9,7.6,A001,BOS_1,FREE Internet (18GB),October,2022
S476,22,39,Male,8,PENANG,NORTHERN,Active,Y,05/10/2022,1,8.6,0,A001,BOS_1,FREE Internet (18GB),October,2022
S477,38,39,Male,4,KLANG VALLEY,CENTRAL,Active,Y,06/10/2022,2,0,0,A001,BOS_1,FREE Internet (18GB),October,2022
S478,112,39,Male,12,SARAWAK,EAST WEST,Active,Y,06/10/2022,2,0,0,A001,BOS_1,FREE Internet (18GB),October,2022
S479,14,39,Female,1,JOHORE,SOURTHERN,Active,Y,06/10/2022,2,2,0,A001,BOS_1,FREE Internet (18GB),October,2022
S48,28,23,Male,5,MALACCA,SOURTHERN,Active,Y,05/10/2022,1,0,4.5,A002,BOS_2,Free Internet (10GB),October,2022
S480,27,39,Male,3,KELANTAN,EASTERN,Active,N,?,Unknown,9,12.5,Unknown,Unknown,Unknown,October,2022
S481,58,39,Male,6,N SEMBILAN,SOURTHERN,Active,N,?,Unknown,0,3,Unknown,Unknown,Unknown,October,2022
S482,39,39,Male,12,SARAWAK,EAST WEST,Active,N,?,Unknown,6.8,27.3,Unknown,Unknown,Unknown,October,2022
S483,18,39,Male,4,KLANG VALLEY,CENTRAL,Active,Y,05/10/2022,1,30,1.4,A001,BOS_1,FREE Internet (18GB),October,2022
S484,23,40,Male,11,SABAH,EAST WEST,Active,Y,06/10/2022,2,13.06,0,A001,BOS_1,FREE Internet (18GB),October,2022
S485,15,40,Male,5,MALACCA,SOURTHERN,Active,N,?,Unknown,0,30,Unknown,Unknown,Unknown,October,2022
S486,80,40,Male,1,JOHORE,SOURTHERN,Close,N,?,Unknown,0,0,Unknown,Unknown,Unknown,October,2022
S487,21,40,Male,8,PENANG,NORTHERN,Active,Y,06/10/2022,2,0,0,A001,BOS_1,FREE Internet (18GB),October,2022
S488,40,40,Male,11,SABAH,EAST WEST,Active,N,?,Unknown,0,2.3,Unknown,Unknown,Unknown,October,2022
S489,21,40,Male,9,PERAK,NORTHERN,Active,Y,06/10/2022,2,0,0,A001,BOS_1,FREE Internet (18GB),October,2022
S49,39,23,Male,12,SARAWAK,EAST WEST,Active,N,?,Unknown,9,12.5,Unknown,Unknown,Unknown,October,2022
S490,36,40,Male,4,KLANG VALLEY,CENTRAL,Active,Y,05/10/2022,1,1.5,2.1,A001,BOS_1,FREE Internet (18GB),October,2022
S491,108,40,Male,1,JOHORE,SOURTHERN,Active,N,?,Unknown,0.52,0,Unknown,Unknown,Unknown,October,2022
S492,75,40,Female,9,PERAK,NORTHERN,Active,N,?,Unknown,18,0,Unknown,Unknown,Unknown,October,2022
S493,46,40,Female,11,SABAH,EAST WEST,Active,Y,06/10/2022,2,16.13,0,A001,BOS_1,FREE Internet (18GB),October,2022
S494,24,40,Female,2,KEDAH,NORTHERN,Active,Y,05/10/2022,1,4,0,A001,BOS_1,FREE Internet (18GB),October,2022
S495,27,40,Female,12,SARAWAK,EAST WEST,Active,Y,05/10/2022,1,0,0,A001,BOS_1,FREE Internet (18GB),October,2022
S496,40,40,Male,2,KEDAH,NORTHERN,Active,N,?,Unknown,3.84,0,Unknown,Unknown,Unknown,October,2022
S497,20,40,Female,1,JOHORE,SOURTHERN,Active,Y,05/10/2022,1,0,0,A001,BOS_1,FREE Internet (18GB),October,2022
S498,48,40,Male,12,SARAWAK,EAST WEST,Active,Y,06/10/2022,2,32.1,0.2,A001,BOS_1,FREE Internet (18GB),October,2022
S499,23,41,Female,11,SABAH,EAST WEST,Active,Y,05/10/2022,1,12,0,A001,BOS_1,FREE Internet (18GB),October,2022
S5,36,21,Male,12,SARAWAK,EAST WEST,Active,N,?,Unknown,0,0,Unknown,Unknown,Unknown,October,2022
S50,33,23,Female,4,KLANG VALLEY,CENTRAL,Active,N,?,Unknown,6,3,Unknown,Unknown,Unknown,October,2022
S500,30,41,Female,4,KLANG VALLEY,CENTRAL,Active,Y,06/10/2022,2,0,0,A001,BOS_1,FREE Internet (18GB),October,2022
S501,46,41,Female,6,N SEMBILAN,SOURTHERN,Active,Y,05/10/2022,1,0.29,50.14,A001,BOS_1,FREE Internet (18GB),October,2022
S502,103,41,Male,4,KLANG VALLEY,CENTRAL,Active,N,?,Unknown,0,0,Unknown,Unknown,Unknown,October,2022
S503,58,41,Male,11,SABAH,EAST WEST,Active,Y,06/10/2022,2,3.9,0,A001,BOS_1,FREE Internet (18GB),October,2022
S504,58,41,Male,4,KLANG VALLEY,CENTRAL,Active,Y,05/10/2022,1,0,40.48,A001,BOS_1,FREE Internet (18GB),October,2022
S505,57,41,Male,7,PAHANG,EASTERN,Active,Y,06/10/2022,2,27.98,0,A001,BOS_1,FREE Internet (18GB),October,2022
S506,71,41,Male,11,SABAH,EAST WEST,Active,N,?,Unknown,1.13,0,Unknown,Unknown,Unknown,October,2022
S507,23,41,Male,12,SARAWAK,EAST WEST,Active,Y,06/10/2022,2,0,0,A001,BOS_1,FREE Internet (18GB),October,2022
S508,34,41,Male,8,PENANG,NORTHERN,Active,Y,05/10/2022,1,31.19,0,A001,BOS_1,FREE Internet (18GB),October,2022
S509,52,41,Male,11,SABAH,EAST WEST,Active,Y,06/10/2022,2,34.35,0,A001,BOS_1,FREE Internet (18GB),October,2022
S51,20,23,Male,7,PAHANG,EASTERN,Close,N,?,Unknown,0,0,Unknown,Unknown,Unknown,October,2022
S510,42,41,Male,2,KEDAH,NORTHERN,Active,Y,06/10/2022,2,0.9,0,A001,BOS_1,FREE Internet (18GB),October,2022
S511,26,41,Male,7,PAHANG,EASTERN,Active,Y,05/10/2022,1,0,0,A001,BOS_1,FREE Internet (18GB),October,2022
S512,36,41,Male,2,KEDAH,NORTHERN,Active,Y,05/10/2022,1,0,0,A001,BOS_1,FREE Internet (18GB),October,2022
S513,206,41,Female,12,SARAWAK,EAST WEST,Active,Y,05/10/2022,1,0,0,A001,BOS_1,FREE Internet (18GB),October,2022
S514,39,41,Female,4,KLANG VALLEY,CENTRAL,Close,N,?,Unknown,0,0,Unknown,Unknown,Unknown,October,2022
S515,56,41,Female,9,PERAK,NORTHERN,Active,Y,06/10/2022,2,2,0,A001,BOS_1,FREE Internet (18GB),October,2022
S516,26,42,Female,11,SABAH,EAST WEST,Active,N,?,Unknown,10.3,0,Unknown,Unknown,Unknown,October,2022
S517,25,42,Female,11,SABAH,EAST WEST,Active,Y,05/10/2022,1,0,0,A001,BOS_1,FREE Internet (18GB),October,2022
S518,20,42,Male,3,KELANTAN,EASTERN,Active,Y,06/10/2022,2,6.2,1,A001,BOS_1,FREE Internet (18GB),October,2022
S519,33,42,Male,13,TERENGGANU,EASTERN,Close,N,?,Unknown,0,0,Unknown,Unknown,Unknown,October,2022
S52,19,23,Female,11,SABAH,EAST WEST,Active,N,?,Unknown,14.15,0,Unknown,Unknown,Unknown,October,2022
S520,30,42,Male,12,SARAWAK,EAST WEST,Active,Y,05/10/2022,1,50,50,A001,BOS_1,FREE Internet (18GB),October,2022
S521,87,42,Female,12,SARAWAK,EAST WEST,Active,Y,05/10/2022,1,1.8,0,A001,BOS_1,FREE Internet (18GB),October,2022
S522,210,42,Male,11,SABAH,EAST WEST,Active,Y,06/10/2022,2,32.98,29.99,A001,BOS_1,FREE Internet (18GB),October,2022
S523,39,42,Male,4,KLANG VALLEY,CENTRAL,Active,Y,05/10/2022,1,0,0.13,A001,BOS_1,FREE Internet (18GB),October,2022
S524,27,42,Male,2,KEDAH,NORTHERN,Active,Y,05/10/2022,1,0,0,A001,BOS_1,FREE Internet (18GB),October,2022
S525,127,42,Male,3,KELANTAN,EASTERN,Active,N,?,Unknown,1,0,Unknown,Unknown,Unknown,October,2022
S526,24,42,Female,4,KLANG VALLEY,CENTRAL,Active,N,?,Unknown,0,0,Unknown,Unknown,Unknown,October,2022
S527,54,42,Male,4,KLANG VALLEY,CENTRAL,Active,N,?,Unknown,0,0,Unknown,Unknown,Unknown,October,2022
S528,69,42,Male,12,SARAWAK,EAST WEST,Active,Y,05/10/2022,1,0,0,A001,BOS_1,FREE Internet (18GB),October,2022
S529,30,42,Male,9,PERAK,NORTHERN,Active,Y,06/10/2022,2,0,0,A001,BOS_1,FREE Internet (18GB),October,2022
S53,16,23,Male,7,PAHANG,EASTERN,Active,N,?,Unknown,2,0,Unknown,Unknown,Unknown,October,2022
S530,29,43,Male,2,KEDAH,NORTHERN,Active,N,?,Unknown,1.5,9.5,Unknown,Unknown,Unknown,October,2022
S531,25,43,Male,2,KEDAH,NORTHERN,Active,Y,06/10/2022,2,0,42.59,A001,BOS_1,FREE Internet (18GB),October,2022
S532,99,43,Male,12,SARAWAK,EAST WEST,Active,Y,05/10/2022,1,0.32,4.2,A001,BOS_1,FREE Internet (18GB),October,2022
S533,21,43,Male,4,KLANG VALLEY,CENTRAL,Active,N,?,Unknown,0,0,Unknown,Unknown,Unknown,October,2022
S534,21,43,Male,4,KLANG VALLEY,CENTRAL,Active,Y,05/10/2022,1,0,0,A001,BOS_1,FREE Internet (18GB),October,2022
S535,16,43,Female,12,SARAWAK,EAST WEST,Active,Y,06/10/2022,2,0,0,A001,BOS_1,FREE Internet (18GB),October,2022
S536,26,43,Male,1,JOHORE,SOURTHERN,Active,Y,06/10/2022,2,9.2,4.5,A001,BOS_1,FREE Internet (18GB),October,2022
S537,79,43,Male,11,SABAH,EAST WEST,Active,Y,06/10/2022,2,40.35,32.81,A001,BOS_1,FREE Internet (18GB),October,2022
S538,20,43,Female,4,KLANG VALLEY,CENTRAL,Active,Y,06/10/2022,2,27.99,27.99,A001,BOS_1,FREE Internet (18GB),October,2022
S539,19,44,Female,4,KLANG VALLEY,CENTRAL,Active,N,?,Unknown,0,0,Unknown,Unknown,Unknown,October,2022
S54,24,23,Male,11,SABAH,EAST WEST,Active,Y,05/10/2022,1,0,0,A002,BOS_2,Free Internet (10GB),October,2022
S540,30,44,Male,12,SARAWAK,EAST WEST,Active,Y,06/10/2022,2,0,0,A001,BOS_1,FREE Internet (18GB),October,2022
S541,14,44,Male,4,KLANG VALLEY,CENTRAL,Active,Y,05/10/2022,1,6,0,A001,BOS_1,FREE Internet (18GB),October,2022
S542,13,44,Male,8,PENANG,NORTHERN,Active,Y,05/10/2022,1,0.09,0,A001,BOS_1,FREE Internet (18GB),October,2022
S543,25,44,Male,11,SABAH,EAST WEST,Active,N,?,Unknown,0,27.99,Unknown,Unknown,Unknown,October,2022
S544,65,44,Male,4,KLANG VALLEY,CENTRAL,Active,Y,06/10/2022,2,0,0,A001,BOS_1,FREE Internet (18GB),October,2022
S545,98,44,Unspecified,11,SABAH,EAST WEST,Active,Y,06/10/2022,2,0,0.9,A001,BOS_1,FREE Internet (18GB),October,2022
S546,108,45,Male,12,SARAWAK,EAST WEST,Active,Y,06/10/2022,2,0,0,A001,BOS_1,FREE Internet (18GB),October,2022
S547,53,45,Male,4,KLANG VALLEY,CENTRAL,Active,Y,05/10/2022,1,0,0,A001,BOS_1,FREE Internet (18GB),October,2022
S548,27,45,Male,12,SARAWAK,EAST WEST,Active,Y,05/10/2022,1,0,0,A001,BOS_1,FREE Internet (18GB),October,2022
S549,15,45,Male,4,KLANG VALLEY,CENTRAL,Active,N,?,Unknown,0,0,Unknown,Unknown,Unknown,October,2022
S55,30,23,Male,13,TERENGGANU,EASTERN,Active,Y,06/10/2022,2,3.6,41.93,A002,BOS_2,Free Internet (10GB),October,2022
S550,17,45,Male,11,SABAH,EAST WEST,Active,Y,05/10/2022,1,0,0,A001,BOS_1,FREE Internet (18GB),October,2022
S551,139,45,Female,11,SABAH,EAST WEST,Active,Y,05/10/2022,1,0.8,4,A001,BOS_1,FREE Internet (18GB),October,2022
S552,28,46,Male,12,SARAWAK,EAST WEST,Active,Y,06/10/2022,2,0,0,A001,BOS_1,FREE Internet (18GB),October,2022
S553,43,46,Male,12,SARAWAK,EAST WEST,Active,Y,06/10/2022,2,0,0,A001,BOS_1,FREE Internet (18GB),October,2022
S554,20,46,Male,12,SARAWAK,EAST WEST,Active,Y,06/10/2022,2,0,0,A001,BOS_1,FREE Internet (18GB),October,2022
S555,22,46,Female,11,SABAH,EAST WEST,Active,Y,05/10/2022,1,21.8,0,A001,BOS_1,FREE Internet (18GB),October,2022
S556,26,46,Male,13,TERENGGANU,EASTERN,Active,Y,06/10/2022,2,1.7,0,A001,BOS_1,FREE Internet (18GB),October,2022
S557,40,46,Female,13,TERENGGANU,EASTERN,Active,Y,06/10/2022,2,0,0,A001,BOS_1,FREE Internet (18GB),October,2022
S558,190,46,Female,8,PENANG,NORTHERN,Active,Y,05/10/2022,1,0,0,A001,BOS_1,FREE Internet (18GB),October,2022
S559,68,46,Female,11,SABAH,EAST WEST,Active,Y,05/10/2022,1,4,22.4,A001,BOS_1,FREE Internet (18GB),October,2022
S56,18,23,Female,9,PERAK,NORTHERN,Active,Y,05/10/2022,1,8,0,A001,BOS_1,FREE Internet (18GB),October,2022
S560,63,46,Female,11,SABAH,EAST WEST,Active,Y,06/10/2022,2,0,0,A001,BOS_1,FREE Internet (18GB),October,2022
S561,50,46,Male,11,SABAH,EAST WEST,Active,Y,06/10/2022,2,25.01,10.3,A001,BOS_1,FREE Internet (18GB),October,2022
S562,216,47,Male,12,SARAWAK,EAST WEST,Active,Y,05/10/2022,1,0,2.1,A001,BOS_1,FREE Internet (18GB),October,2022
S563,40,47,Male,9,PERAK,NORTHERN,Active,Y,06/10/2022,2,0.9,4.9,A001,BOS_1,FREE Internet (18GB),October,2022
S564,64,47,Male,1,JOHORE,SOURTHERN,Active,N,?,Unknown,18.25,0,Unknown,Unknown,Unknown,October,2022
S565,74,47,Male,12,SARAWAK,EAST WEST,Active,Y,06/10/2022,2,0,0,A001,BOS_1,FREE Internet (18GB),October,2022
S566,44,47,Male,8,PENANG,NORTHERN,Active,Y,06/10/2022,2,0,0.2,A001,BOS_1,FREE Internet (18GB),October,2022
S567,15,47,Female,12,SARAWAK,EAST WEST,Active,Y,05/10/2022,1,100,100,A001,BOS_1,FREE Internet (18GB),October,2022
S568,47,47,Unspecified,11,SABAH,EAST WEST,Active,Y,05/10/2022,1,6.8,17.3,A001,BOS_1,FREE Internet (18GB),October,2022
S569,23,47,Male,11,SABAH,EAST WEST,Active,Y,05/10/2022,1,30.01,0,A001,BOS_1,FREE Internet (18GB),October,2022
S57,28,23,Unspecified,11,SABAH,EAST WEST,Active,Y,05/10/2022,1,0,0.87,A001,BOS_1,FREE Internet (18GB),October,2022
S570,59,47,Male,4,KLANG VALLEY,CENTRAL,Active,N,?,Unknown,4,55.6,Unknown,Unknown,Unknown,October,2022
S571,22,47,Female,4,KLANG VALLEY,CENTRAL,Active,N,?,Unknown,5.35,0,Unknown,Unknown,Unknown,October,2022
S572,34,47,Male,2,KEDAH,NORTHERN,Active,N,?,Unknown,0.3,0,Unknown,Unknown,Unknown,October,2022
S573,19,47,Male,5,MALACCA,SOURTHERN,Active,N,?,Unknown,0,0,Unknown,Unknown,Unknown,October,2022
S574,21,48,Male,4,KLANG VALLEY,CENTRAL,Active,N,?,Unknown,0,0,Unknown,Unknown,Unknown,October,2022
S575,33,48,Male,5,MALACCA,SOURTHERN,Active,Y,05/10/2022,1,0,0.03,A001,BOS_1,FREE Internet (18GB),October,2022
S576,59,48,Male,2,KEDAH,NORTHERN,Active,N,?,Unknown,0,0,Unknown,Unknown,Unknown,October,2022
S577,89,49,Female,1,JOHORE,SOURTHERN,Active,Y,05/10/2022,1,0,0,A001,BOS_1,FREE Internet (18GB),October,2022
S578,100,49,Male,1,JOHORE,SOURTHERN,Active,Y,06/10/2022,2,0,0,A001,BOS_1,FREE Internet (18GB),October,2022
S579,47,49,Female,3,KELANTAN,EASTERN,Active,Y,06/10/2022,2,0,0,A001,BOS_1,FREE Internet (18GB),October,2022
S58,23,23,Male,9,PERAK,NORTHERN,Active,N,?,Unknown,5,0,Unknown,Unknown,Unknown,October,2022
S580,231,49,Female,1,JOHORE,SOURTHERN,Active,N,?,Unknown,0,4.4,Unknown,Unknown,Unknown,October,2022
S581,49,49,Male,5,MALACCA,SOURTHERN,Active,Y,06/10/2022,2,0,0,A001,BOS_1,FREE Internet (18GB),October,2022
S582,27,49,Male,9,PERAK,NORTHERN,Active,Y,05/10/2022,1,0,1.8,A001,BOS_1,FREE Internet (18GB),October,2022
S583,61,49,Male,7,PAHANG,EASTERN,Active,N,?,Unknown,0,27.99,Unknown,Unknown,Unknown,October,2022
S584,71,49,Male,11,SABAH,EAST WEST,Active,N,?,Unknown,0,12.3,Unknown,Unknown,Unknown,October,2022
S585,46,49,Female,9,PERAK,NORTHERN,Active,Y,06/10/2022,2,30.3,15.2,A001,BOS_1,FREE Internet (18GB),October,2022
S586,43,49,Female,4,KLANG VALLEY,CENTRAL,Active,Y,06/10/2022,2,0,0,A001,BOS_1,FREE Internet (18GB),October,2022
S587,31,49,Female,11,SABAH,EAST WEST,Active,N,?,Unknown,0.3,9.26,Unknown,Unknown,Unknown,October,2022
S588,29,49,Male,11,SABAH,EAST WEST,Active,N,?,Unknown,0,2.6,Unknown,Unknown,Unknown,October,2022
S589,190,49,Male,11,SABAH,EAST WEST,Active,Y,05/10/2022,1,0,5.17,A001,BOS_1,FREE Internet (18GB),October,2022
S59,24,23,Male,4,KLANG VALLEY,CENTRAL,Close,N,?,Unknown,0,0,Unknown,Unknown,Unknown,October,2022
S590,16,50,Male,4,KLANG VALLEY,CENTRAL,Active,N,?,Unknown,0,0,Unknown,Unknown,Unknown,October,2022
S591,23,50,Male,11,SABAH,EAST WEST,Active,N,?,Unknown,0,0,Unknown,Unknown,Unknown,October,2022
S592,15,50,Female,4,KLANG VALLEY,CENTRAL,Active,N,?,Unknown,16,0,Unknown,Unknown,Unknown,October,2022
S593,41,50,Male,11,SABAH,EAST WEST,Active,N,?,Unknown,0,0,Unknown,Unknown,Unknown,October,2022
S594,25,51,Male,7,PAHANG,EASTERN,Active,N,?,Unknown,0,0,Unknown,Unknown,Unknown,October,2022
S595,44,51,Male,6,N SEMBILAN,SOURTHERN,Active,Y,06/10/2022,2,57.99,0,A001,BOS_1,FREE Internet (18GB),October,2022
S596,136,51,Female,1,JOHORE,SOURTHERN,Active,Y,05/10/2022,1,0,0,A001,BOS_1,FREE Internet (18GB),October,2022
S597,20,51,Male,12,SARAWAK,EAST WEST,Active,N,?,Unknown,0,0,Unknown,Unknown,Unknown,October,2022
S598,71,51,Female,1,JOHORE,SOURTHERN,Active,Y,06/10/2022,2,0,0,A001,BOS_1,FREE Internet (18GB),October,2022
S599,85,51,Male,4,KLANG VALLEY,CENTRAL,Active,Y,06/10/2022,2,12,0,A001,BOS_1,FREE Internet (18GB),October,2022
S6,18,21,Male,2,KEDAH,NORTHERN,Active,N,?,Unknown,8,0,Unknown,Unknown,Unknown,October,2022
S60,77,23,Male,11,SABAH,EAST WEST,Active,N,?,Unknown,2.4,10.6,Unknown,Unknown,Unknown,October,2022
S600,35,51,Male,4,KLANG VALLEY,CENTRAL,Active,N,?,Unknown,0,0,Unknown,Unknown,Unknown,October,2022
S601,154,51,Male,12,SARAWAK,EAST WEST,Active,Y,05/10/2022,1,0.15,30,A001,BOS_1,FREE Internet (18GB),October,2022
S602,39,51,Male,4,KLANG VALLEY,CENTRAL,Active,Y,05/10/2022,1,0,0,A001,BOS_1,FREE Internet (18GB),October,2022
S603,29,51,Female,2,KEDAH,NORTHERN,Active,N,?,Unknown,0.2,21.59,Unknown,Unknown,Unknown,October,2022
S604,209,52,Female,12,SARAWAK,EAST WEST,Active,N,?,Unknown,2,2,Unknown,Unknown,Unknown,October,2022
S605,202,52,Female,1,JOHORE,SOURTHERN,Active,Y,06/10/2022,2,2.65,2.86,A001,BOS_1,FREE Internet (18GB),October,2022
S606,70,52,Female,11,SABAH,EAST WEST,Active,N,?,Unknown,0,0.78,Unknown,Unknown,Unknown,October,2022
S607,234,52,Male,7,PAHANG,EASTERN,Active,Y,05/10/2022,1,0,0,A001,BOS_1,FREE Internet (18GB),October,2022
S608,60,52,Male,4,KLANG VALLEY,CENTRAL,Active,Y,05/10/2022,1,0,0,A001,BOS_1,FREE Internet (18GB),October,2022
S609,135,52,Male,1,JOHORE,SOURTHERN,Active,Y,05/10/2022,1,0,0,A001,BOS_1,FREE Internet (18GB),October,2022
S61,34,23,Male,5,MALACCA,SOURTHERN,Active,Y,05/10/2022,1,0,0,A001,BOS_1,FREE Internet (18GB),October,2022
S610,28,52,Female,1,JOHORE,SOURTHERN,Active,N,?,Unknown,0,0,Unknown,Unknown,Unknown,October,2022
S611,39,52,Male,4,KLANG VALLEY,CENTRAL,Active,Y,06/10/2022,2,0,0,A001,BOS_1,FREE Internet (18GB),October,2022
S612,18,52,Male,12,SARAWAK,EAST WEST,Active,Y,05/10/2022,1,6,0,A001,BOS_1,FREE Internet (18GB),October,2022
S613,29,52,Female,9,PERAK,NORTHERN,Close,N,?,Unknown,0,0,Unknown,Unknown,Unknown,October,2022
S614,22,52,Male,4,KLANG VALLEY,CENTRAL,Active,Y,06/10/2022,2,0,0,A001,BOS_1,FREE Internet (18GB),October,2022
S615,24,52,Female,12,SARAWAK,EAST WEST,Active,Y,06/10/2022,2,7,0.2,A001,BOS_1,FREE Internet (18GB),October,2022
S616,19,52,Female,12,SARAWAK,EAST WEST,Active,Y,06/10/2022,2,100,2000,A001,BOS_1,FREE Internet (18GB),October,2022
S617,107,52,Male,11,SABAH,EAST WEST,Active,Y,06/10/2022,2,0,0,A001,BOS_1,FREE Internet (18GB),October,2022
S618,22,52,Female,13,TERENGGANU,EASTERN,Active,N,?,Unknown,0,15,Unknown,Unknown,Unknown,October,2022
S619,14,53,Male,8,PENANG,NORTHERN,Active,Y,06/10/2022,2,0,0,A001,BOS_1,FREE Internet (18GB),October,2022
S62,24,23,Female,12,SARAWAK,EAST WEST,Active,N,?,Unknown,9.9,0,Unknown,Unknown,Unknown,October,2022
S620,91,53,Male,9,PERAK,NORTHERN,Active,N,?,Unknown,30,30,Unknown,Unknown,Unknown,October,2022
S621,45,53,Male,12,SARAWAK,EAST WEST,Active,Y,05/10/2022,1,10,0,A001,BOS_1,FREE Internet (18GB),October,2022
S622,148,53,Male,13,TERENGGANU,EASTERN,Active,Y,06/10/2022,2,0,0,A001,BOS_1,FREE Internet (18GB),October,2022
S623,52,53,Female,7,PAHANG,EASTERN,Active,Y,05/10/2022,1,0,0,A001,BOS_1,FREE Internet (18GB),October,2022
S624,229,53,Female,11,SABAH,EAST WEST,Active,Y,05/10/2022,1,0,33.03,A001,BOS_1,FREE Internet (18GB),October,2022
S625,16,53,Male,12,SARAWAK,EAST WEST,Active,N,?,Unknown,3.4,0,Unknown,Unknown,Unknown,October,2022
S626,47,53,Female,11,SABAH,EAST WEST,Active,Y,06/10/2022,2,85.47,0,A001,BOS_1,FREE Internet (18GB),October,2022
S627,22,53,Male,4,KLANG VALLEY,CENTRAL,Active,Y,06/10/2022,2,0,0,A001,BOS_1,FREE Internet (18GB),October,2022
S628,30,53,Male,4,KLANG VALLEY,CENTRAL,Active,Y,06/10/2022,2,0,0.3,A001,BOS_1,FREE Internet (18GB),October,2022
S629,33,54,Male,4,KLANG VALLEY,CENTRAL,Active,Y,05/10/2022,1,31.75,0,A001,BOS_1,FREE Internet (18GB),October,2022
S63,73,23,Male,12,SARAWAK,EAST WEST,Active,Y,06/10/2022,2,13.3,58.09,A001,BOS_1,FREE Internet (18GB),October,2022
S630,20,54,Male,7,PAHANG,EASTERN,Active,Y,05/10/2022,1,0,0,A001,BOS_1,FREE Internet (18GB),October,2022
S631,60,54,Male,1,JOHORE,SOURTHERN,Active,Y,06/10/2022,2,0,0,A001,BOS_1,FREE Internet (18GB),October,2022
S632,35,54,Male,4,KLANG VALLEY,CENTRAL,Active,Y,06/10/2022,2,19,25,A001,BOS_1,FREE Internet (18GB),October,2022
S633,25,54,Unspecified,2,KEDAH,NORTHERN,Active,Y,06/10/2022,2,0,0,A001,BOS_1,FREE Internet (18GB),October,2022
S634,18,54,Female,9,PERAK,NORTHERN,Active,N,?,Unknown,16.2,8,Unknown,Unknown,Unknown,October,2022
S635,51,54,Male,8,PENANG,NORTHERN,Active,Y,06/10/2022,2,14.99,0,A001,BOS_1,FREE Internet (18GB),October,2022
S636,21,54,Male,9,PERAK,NORTHERN,Active,Y,06/10/2022,2,0,0,A001,BOS_1,FREE Internet (18GB),October,2022
S637,23,54,Male,7,PAHANG,EASTERN,Active,Y,06/10/2022,2,0,0,A001,BOS_1,FREE Internet (18GB),October,2022
S638,151,54,Male,4,KLANG VALLEY,CENTRAL,Active,Y,06/10/2022,2,0,3.03,A001,BOS_1,FREE Internet (18GB),October,2022
S639,54,55,Male,13,TERENGGANU,EASTERN,Active,Y,06/10/2022,2,10,0,A001,BOS_1,FREE Internet (18GB),October,2022
S64,17,23,Female,2,KEDAH,NORTHERN,Active,N,?,Unknown,0.13,0,Unknown,Unknown,Unknown,October,2022
S640,29,55,Male,2,KEDAH,NORTHERN,Active,N,?,Unknown,14.39,10.8,Unknown,Unknown,Unknown,October,2022
S641,86,55,Male,1,JOHORE,SOURTHERN,Active,N,?,Unknown,0.4,0,Unknown,Unknown,Unknown,October,2022
S642,95,55,Male,7,PAHANG,EASTERN,Active,Y,05/10/2022,1,0,0.3,A001,BOS_1,FREE Internet (18GB),October,2022
S643,44,55,Male,11,SABAH,EAST WEST,Active,Y,06/10/2022,2,0,0,A001,BOS_1,FREE Internet (18GB),October,2022
S644,34,55,Male,9,PERAK,NORTHERN,Active,Y,06/10/2022,2,20.86,0,A001,BOS_1,FREE Internet (18GB),October,2022
S645,34,55,Male,4,KLANG VALLEY,CENTRAL,Active,N,?,Unknown,61.99,50,Unknown,Unknown,Unknown,October,2022
S646,235,56,Female,4,KLANG VALLEY,CENTRAL,Active,N,?,Unknown,0,0,Unknown,Unknown,Unknown,October,2022
S647,32,56,Male,12,SARAWAK,EAST WEST,Active,Y,06/10/2022,2,0,0,A001,BOS_1,FREE Internet (18GB),October,2022
S648,111,56,Female,4,KLANG VALLEY,CENTRAL,Active,N,?,Unknown,0,0,Unknown,Unknown,Unknown,October,2022
S649,141,56,Male,1,JOHORE,SOURTHERN,Active,N,?,Unknown,0.32,0,Unknown,Unknown,Unknown,October,2022
S65,15,23,Female,1,JOHORE,SOURTHERN,Active,Y,06/10/2022,2,0.2,0,A001,BOS_1,FREE Internet (18GB),October,2022
S650,40,56,Male,12,SARAWAK,EAST WEST,Close,N,?,Unknown,0,0,Unknown,Unknown,Unknown,October,2022
S651,33,56,Male,8,PENANG,NORTHERN,Active,Y,05/10/2022,1,10,9,A001,BOS_1,FREE Internet (18GB),October,2022
S652,26,56,Male,1,JOHORE,SOURTHERN,Active,Y,05/10/2022,1,0,0,A001,BOS_1,FREE Internet (18GB),October,2022
S653,209,56,Female,1,JOHORE,SOURTHERN,Close,N,?,Unknown,0,0,Unknown,Unknown,Unknown,October,2022
S654,58,56,Male,7,PAHANG,EASTERN,Active,Y,06/10/2022,2,0,0,A001,BOS_1,FREE Internet (18GB),October,2022
S655,46,56,Male,4,KLANG VALLEY,CENTRAL,Active,Y,05/10/2022,1,0,0,A001,BOS_1,FREE Internet (18GB),October,2022
S656,77,56,Male,1,JOHORE,SOURTHERN,Active,Y,06/10/2022,2,10,0,A001,BOS_1,FREE Internet (18GB),October,2022
S657,162,56,Male,9,PERAK,NORTHERN,Active,Y,05/10/2022,1,0,0,A001,BOS_1,FREE Internet (18GB),October,2022
S658,25,56,Male,9,PERAK,NORTHERN,Active,Y,05/10/2022,1,0,0,A001,BOS_1,FREE Internet (18GB),October,2022
S659,33,56,Male,4,KLANG VALLEY,CENTRAL,Active,Y,06/10/2022,2,0.2,0,A001,BOS_1,FREE Internet (18GB),October,2022
S66,52,23,Male,6,N SEMBILAN,SOURTHERN,Active,N,?,Unknown,0,0,Unknown,Unknown,Unknown,October,2022
S660,28,57,Male,9,PERAK,NORTHERN,Active,Y,05/10/2022,1,0,0,A001,BOS_1,FREE Internet (18GB),October,2022
S661,117,57,Female,11,SABAH,EAST WEST,Active,Y,06/10/2022,2,0,27.98,A001,BOS_1,FREE Internet (18GB),October,2022
S662,49,57,Female,4,KLANG VALLEY,CENTRAL,Close,N,?,Unknown,0,0,Unknown,Unknown,Unknown,October,2022
S663,20,57,Male,1,JOHORE,SOURTHERN,Active,Y,06/10/2022,2,0.2,0,A001,BOS_1,FREE Internet (18GB),October,2022
S664,39,58,Male,12,SARAWAK,EAST WEST,Active,Y,05/10/2022,1,0,0,A001,BOS_1,FREE Internet (18GB),October,2022
S665,18,58,Female,1,JOHORE,SOURTHERN,Active,Y,05/10/2022,1,10.23,0,A001,BOS_1,FREE Internet (18GB),October,2022
S666,196,58,Male,9,PERAK,NORTHERN,Active,Y,06/10/2022,2,0,0,A001,BOS_1,FREE Internet (18GB),October,2022
S667,130,58,Male,9,PERAK,NORTHERN,Active,N,?,Unknown,0,0,Unknown,Unknown,Unknown,October,2022
S668,131,58,Female,11,SABAH,EAST WEST,Active,N,?,Unknown,0,0,Unknown,Unknown,Unknown,October,2022
S669,19,58,Female,9,PERAK,NORTHERN,Active,N,?,Unknown,0,0,Unknown,Unknown,Unknown,October,2022
S67,16,23,Male,12,SARAWAK,EAST WEST,Active,Y,05/10/2022,1,0,0.6,A001,BOS_1,FREE Internet (18GB),October,2022
S670,150,59,Female,2,KEDAH,NORTHERN,Active,N,?,Unknown,0,38,Unknown,Unknown,Unknown,October,2022
S671,57,59,Female,11,SABAH,EAST WEST,Active,N,?,Unknown,0,20.02,Unknown,Unknown,Unknown,October,2022
S672,33,59,Female,11,SABAH,EAST WEST,Active,N,?,Unknown,3,0,Unknown,Unknown,Unknown,October,2022
S673,17,59,Female,1,JOHORE,SOURTHERN,Active,Y,05/10/2022,1,1,0,A001,BOS_1,FREE Internet (18GB),October,2022
S674,20,59,Male,4,KLANG VALLEY,CENTRAL,Active,N,?,Unknown,15.8,0,Unknown,Unknown,Unknown,October,2022
S675,58,60,Male,2,KEDAH,NORTHERN,Close,N,?,Unknown,0,0,Unknown,Unknown,Unknown,October,2022
S676,55,60,Male,2,KEDAH,NORTHERN,Close,N,?,Unknown,0,0,Unknown,Unknown,Unknown,October,2022
S677,58,60,Male,11,SABAH,EAST WEST,Active,Y,05/10/2022,1,0,0,A001,BOS_1,FREE Internet (18GB),October,2022
S678,29,60,Female,12,SARAWAK,EAST WEST,Active,Y,05/10/2022,1,9.3,0,A001,BOS_1,FREE Internet (18GB),October,2022
S679,77,60,Male,11,SABAH,EAST WEST,Active,Y,05/10/2022,1,3,0,A002,BOS_2,Free Internet (10GB),October,2022
S68,18,23,Male,1,JOHORE,SOURTHERN,Active,Y,06/10/2022,2,0,1.5,A002,BOS_2,Free Internet (10GB),October,2022
S680,28,60,Male,4,KLANG VALLEY,CENTRAL,Active,N,?,Unknown,0,0,Unknown,Unknown,Unknown,October,2022
S681,23,60,Female,3,KELANTAN,EASTERN,Active,Y,05/10/2022,1,35,35.2,A002,BOS_2,Free Internet (10GB),October,2022
S682,130,60,Male,12,SARAWAK,EAST WEST,Active,N,?,Unknown,0,0,Unknown,Unknown,Unknown,October,2022
S683,237,60,Unspecified,8,PENANG,NORTHERN,Active,N,?,Unknown,0,0,Unknown,Unknown,Unknown,October,2022
S684,25,60,Male,9,PERAK,NORTHERN,Active,Y,05/10/2022,1,35.29,0,A002,BOS_2,Free Internet (10GB),October,2022
S685,72,61,Male,3,KELANTAN,EASTERN,Active,N,?,Unknown,0,0,Unknown,Unknown,Unknown,October,2022
S686,60,61,Male,4,KLANG VALLEY,CENTRAL,Active,Y,05/10/2022,1,0,0,A002,BOS_2,Free Internet (10GB),October,2022
S687,34,61,Male,4,KLANG VALLEY,CENTRAL,Active,Y,05/10/2022,1,5.9,0,A002,BOS_2,Free Internet (10GB),October,2022
S688,240,61,Female,1,JOHORE,SOURTHERN,Active,Y,06/10/2022,2,4,36.99,A002,BOS_2,Free Internet (10GB),October,2022
S689,48,61,Female,6,N SEMBILAN,SOURTHERN,Active,N,?,Unknown,0,11.4,Unknown,Unknown,Unknown,October,2022
S69,23,23,Female,4,KLANG VALLEY,CENTRAL,Close,N,?,Unknown,0,0,A002,Unknown,Unknown,October,2022
S690,44,61,Female,2,KEDAH,NORTHERN,Active,Y,05/10/2022,1,0,0,A002,BOS_2,Free Internet (10GB),October,2022
S691,139,61,Female,1,JOHORE,SOURTHERN,Active,Y,06/10/2022,2,30,0,A002,BOS_2,Free Internet (10GB),October,2022
S692,67,61,Male,3,KELANTAN,EASTERN,Active,Y,06/10/2022,2,0,0,A002,BOS_2,Free Internet (10GB),October,2022
S693,33,61,Male,13,TERENGGANU,EASTERN,Active,Y,05/10/2022,1,0,0,A002,BOS_2,Free Internet (10GB),October,2022
S694,85,61,Female,7,PAHANG,EASTERN,Active,N,?,Unknown,0,0,Unknown,Unknown,Unknown,October,2022
S695,59,61,Female,12,SARAWAK,EAST WEST,Active,Y,06/10/2022,2,34.99,0,A002,BOS_2,Free Internet (10GB),October,2022
S696,19,61,Male,6,N SEMBILAN,SOURTHERN,Close,N,?,Unknown,0,0,Unknown,Unknown,Unknown,October,2022
S697,19,61,Female,11,SABAH,EAST WEST,Active,N,?,Unknown,0,0,Unknown,Unknown,Unknown,October,2022
S698,80,61,Male,9,PERAK,NORTHERN,Active,N,?,Unknown,0,0,Unknown,Unknown,Unknown,October,2022
S699,228,62,Male,9,PERAK,NORTHERN,Active,Y,05/10/2022,1,0,0.13,A002,BOS_2,Free Internet (10GB),October,2022
S7,21,21,Male,12,SARAWAK,EAST WEST,Active,N,?,Unknown,0,0,Unknown,Unknown,Unknown,October,2022
S70,47,23,Male,4,KLANG VALLEY,CENTRAL,Active,N,?,Unknown,22,0,A002,Unknown,Unknown,October,2022
S700,61,62,Female,1,JOHORE,SOURTHERN,Active,N,?,Unknown,3.2,5.8,Unknown,Unknown,Unknown,October,2022
S701,26,62,Male,9,PERAK,NORTHERN,Active,N,?,Unknown,0,0,Unknown,Unknown,Unknown,October,2022
S702,54,62,Male,12,SARAWAK,EAST WEST,Active,Y,06/10/2022,2,5.13,0.61,A002,BOS_2,Free Internet (10GB),October,2022
S703,50,62,Female,11,SABAH,EAST WEST,Active,Y,06/10/2022,2,0,0,A002,BOS_2,Free Internet (10GB),October,2022
S704,15,62,Female,8,PENANG,NORTHERN,Active,Y,06/10/2022,2,0,2.3,A002,BOS_2,Free Internet (10GB),October,2022
S705,36,62,Male,9,PERAK,NORTHERN,Active,Y,06/10/2022,2,30,30,A002,BOS_2,Free Internet (10GB),October,2022
S706,246,63,Male,11,SABAH,EAST WEST,Active,Y,06/10/2022,2,29.98,29.99,A002,BOS_2,Free Internet (10GB),October,2022
S707,228,63,Male,4,KLANG VALLEY,CENTRAL,Active,Y,05/10/2022,1,0.48,0,A002,BOS_2,Free Internet (10GB),October,2022
S708,38,63,Male,11,SABAH,EAST WEST,Active,Y,06/10/2022,2,0,0,A002,BOS_2,Free Internet (10GB),October,2022
S709,23,63,Female,1,JOHORE,SOURTHERN,Active,N,?,Unknown,0,8,Unknown,Unknown,Unknown,October,2022
S71,48,23,Female,4,KLANG VALLEY,CENTRAL,Active,Y,06/10/2022,2,0,0,A001,BOS_1,FREE Internet (18GB),October,2022
S710,66,63,Female,1,JOHORE,SOURTHERN,Active,Y,05/10/2022,1,4,4,A002,BOS_2,Free Internet (10GB),October,2022
S711,29,63,Male,11,SABAH,EAST WEST,Active,Y,06/10/2022,2,9,3,A002,BOS_2,Free Internet (10GB),October,2022
S712,58,64,Female,9,PERAK,NORTHERN,Active,N,?,Unknown,1.5,3.9,Unknown,Unknown,Unknown,October,2022
S713,9,64,Male,9,PERAK,NORTHERN,Active,N,?,Unknown,4.2,0,Unknown,Unknown,Unknown,October,2022
S714,41,64,Male,11,SABAH,EAST WEST,Active,N,?,Unknown,3.71,16,Unknown,Unknown,Unknown,October,2022
S715,132,64,Male,4,KLANG VALLEY,CENTRAL,Active,Y,05/10/2022,1,0,0,A002,BOS_2,Free Internet (10GB),October,2022
S716,31,64,Male,9,PERAK,NORTHERN,Active,Y,05/10/2022,1,1.5,0,A002,BOS_2,Free Internet (10GB),October,2022
S717,83,64,Female,12,SARAWAK,EAST WEST,Active,Y,05/10/2022,1,1.04,1.69,A002,BOS_2,Free Internet (10GB),October,2022
S718,22,64,Male,4,KLANG VALLEY,CENTRAL,Close,N,?,Unknown,0,0,Unknown,Unknown,Unknown,October,2022
S719,64,64,Male,5,MALACCA,SOURTHERN,Active,N,?,Unknown,0.8,0,Unknown,Unknown,Unknown,October,2022
S72,60,23,Female,6,N SEMBILAN,SOURTHERN,Active,Y,06/10/2022,2,0,0,A001,BOS_1,FREE Internet (18GB),October,2022
S720,34,64,Female,2,KEDAH,NORTHERN,Active,N,?,Unknown,0,0,Unknown,Unknown,Unknown,October,2022
S721,123,64,Male,4,KLANG VALLEY,CENTRAL,Active,Y,05/10/2022,1,0.18,0,A002,BOS_2,Free Internet (10GB),October,2022
S722,135,65,Female,11,SABAH,EAST WEST,Active,N,?,Unknown,0,3.56,Unknown,Unknown,Unknown,October,2022
S723,98,65,Male,4,KLANG VALLEY,CENTRAL,Active,N,?,Unknown,0,0,Unknown,Unknown,Unknown,October,2022
S724,79,65,Female,9,PERAK,NORTHERN,Active,N,?,Unknown,0,0,Unknown,Unknown,Unknown,October,2022
S725,89,65,Female,11,SABAH,EAST WEST,Active,N,?,Unknown,2,0,Unknown,Unknown,Unknown,October,2022
S726,36,65,Male,4,KLANG VALLEY,CENTRAL,Active,N,?,Unknown,0,0,Unknown,Unknown,Unknown,October,2022
S727,26,65,Male,9,PERAK,NORTHERN,Active,Y,05/10/2022,1,0.2,0,A002,BOS_2,Free Internet (10GB),October,2022
S728,84,65,Female,4,KLANG VALLEY,CENTRAL,Active,N,?,Unknown,0,0,Unknown,Unknown,Unknown,October,2022
S729,239,66,Female,9,PERAK,NORTHERN,Active,Y,06/10/2022,2,0.3,0,A002,BOS_2,Free Internet (10GB),October,2022
S73,41,23,Male,9,PERAK,NORTHERN,Active,Y,05/10/2022,1,34.1,0,A001,BOS_1,FREE Internet (18GB),October,2022
S730,95,66,Female,4,KLANG VALLEY,CENTRAL,Active,N,?,Unknown,0,0,Unknown,Unknown,Unknown,October,2022
S731,200,66,Female,8,PENANG,NORTHERN,Active,N,?,Unknown,0,0,Unknown,Unknown,Unknown,October,2022
S732,130,66,Male,4,KLANG VALLEY,CENTRAL,Active,Y,05/10/2022,1,99.75,120.25,A002,BOS_2,Free Internet (10GB),October,2022
S733,15,66,Male,4,KLANG VALLEY,CENTRAL,Active,Y,05/10/2022,1,0,0,A002,BOS_2,Free Internet (10GB),October,2022
S734,132,66,Male,4,KLANG VALLEY,CENTRAL,Active,N,?,Unknown,0,0,Unknown,Unknown,Unknown,October,2022
S735,136,66,Female,6,N SEMBILAN,SOURTHERN,Active,Y,05/10/2022,1,2,2,A002,BOS_2,Free Internet (10GB),October,2022
S736,69,66,Male,9,PERAK,NORTHERN,Active,N,?,Unknown,0,0.52,Unknown,Unknown,Unknown,October,2022
S737,78,66,Male,2,KEDAH,NORTHERN,Active,N,?,Unknown,4,29.27,Unknown,Unknown,Unknown,October,2022
S738,50,67,Unspecified,11,SABAH,EAST WEST,Active,N,?,Unknown,16.03,8.91,Unknown,Unknown,Unknown,October,2022
S739,37,67,Female,12,SARAWAK,EAST WEST,Active,Y,06/10/2022,2,32.49,0,A002,BOS_2,Free Internet (10GB),October,2022
S74,40,23,Male,3,KELANTAN,EASTERN,Active,N,?,Unknown,25,0,Unknown,Unknown,Unknown,October,2022
S740,246,67,Male,8,PENANG,NORTHERN,Active,N,?,Unknown,0,0,Unknown,Unknown,Unknown,October,2022
S741,30,67,Male,9,PERAK,NORTHERN,Active,Y,05/10/2022,1,5,0,A002,BOS_2,Free Internet (10GB),October,2022
S742,21,67,Male,1,JOHORE,SOURTHERN,Active,N,?,Unknown,0,0,Unknown,Unknown,Unknown,October,2022
S743,175,67,Male,4,KLANG VALLEY,CENTRAL,Active,N,?,Unknown,0.15,0,Unknown,Unknown,Unknown,October,2022
S744,27,67,Male,12,SARAWAK,EAST WEST,Active,Y,05/10/2022,1,0,0,A002,BOS_2,Free Internet (10GB),October,2022
S745,218,67,Male,4,KLANG VALLEY,CENTRAL,Active,Y,06/10/2022,2,11.83,11.5,A002,BOS_2,Free Internet (10GB),October,2022
S746,16,68,Male,7,PAHANG,EASTERN,Active,Y,05/10/2022,1,4.8,0,A002,BOS_2,Free Internet (10GB),October,2022
S747,20,68,Male,2,KEDAH,NORTHERN,Active,Y,05/10/2022,1,0,0,A002,BOS_2,Free Internet (10GB),October,2022
S748,89,68,Male,11,SABAH,EAST WEST,Active,N,?,Unknown,0,0,Unknown,Unknown,Unknown,October,2022
S749,40,68,Male,4,KLANG VALLEY,CENTRAL,Active,Y,05/10/2022,1,30.8,28,A002,BOS_2,Free Internet (10GB),October,2022
S75,36,23,Male,1,JOHORE,SOURTHERN,Active,N,?,Unknown,18.6,3,Unknown,Unknown,Unknown,October,2022
S750,35,68,Male,9,PERAK,NORTHERN,Close,N,?,Unknown,0,0,Unknown,Unknown,Unknown,October,2022
S751,174,68,Female,4,KLANG VALLEY,CENTRAL,Active,Y,05/10/2022,1,0,38,A002,BOS_2,Free Internet (10GB),October,2022
S752,179,69,Female,2,KEDAH,NORTHERN,Active,Y,06/10/2022,2,0,0,A002,BOS_2,Free Internet (10GB),October,2022
S753,79,69,Male,2,KEDAH,NORTHERN,Active,N,?,Unknown,0,0,Unknown,Unknown,Unknown,October,2022
S754,17,69,Female,2,KEDAH,NORTHERN,Active,Y,06/10/2022,2,0,0,A002,BOS_2,Free Internet (10GB),October,2022
S755,213,69,Female,4,KLANG VALLEY,CENTRAL,Close,N,?,Unknown,0,0,Unknown,Unknown,Unknown,October,2022
S756,24,69,Male,10,PERLIS,NORTHERN,Active,N,?,Unknown,0,0,Unknown,Unknown,Unknown,October,2022
S757,50,69,Male,9,PERAK,NORTHERN,Active,N,?,Unknown,0,1,Unknown,Unknown,Unknown,October,2022
S758,90,69,Male,1,JOHORE,SOURTHERN,Active,Y,05/10/2022,1,0,0,A002,BOS_2,Free Internet (10GB),October,2022
S759,97,69,Male,9,PERAK,NORTHERN,Active,Y,05/10/2022,1,31,0,A002,BOS_2,Free Internet (10GB),October,2022
S76,45,23,Male,11,SABAH,EAST WEST,Active,Y,06/10/2022,2,0.41,2.5,A002,BOS_2,Free Internet (10GB),October,2022
S760,22,69,Female,1,JOHORE,SOURTHERN,Active,N,?,Unknown,0,1,Unknown,Unknown,Unknown,October,2022
S761,25,69,Male,6,N SEMBILAN,SOURTHERN,Active,Y,05/10/2022,1,0,0,A002,BOS_2,Free Internet (10GB),October,2022
S762,35,70,Male,11,SABAH,EAST WEST,Active,N,?,Unknown,0,0,Unknown,Unknown,Unknown,October,2022
S763,238,70,Female,12,SARAWAK,EAST WEST,Active,Y,06/10/2022,2,0,4,A002,BOS_2,Free Internet (10GB),October,2022
S764,107,70,Male,1,JOHORE,SOURTHERN,Close,N,?,Unknown,0,0,Unknown,Unknown,Unknown,October,2022
S765,166,70,Male,4,KLANG VALLEY,CENTRAL,Active,Y,05/10/2022,1,54.5,2,A002,BOS_2,Free Internet (10GB),October,2022
S766,141,70,Female,3,KELANTAN,EASTERN,Active,Y,05/10/2022,1,0,0,A002,BOS_2,Free Internet (10GB),October,2022
S767,42,70,Male,4,KLANG VALLEY,CENTRAL,Active,Y,06/10/2022,2,30,15.39,A002,BOS_2,Free Internet (10GB),October,2022
S768,15,71,Male,2,KEDAH,NORTHERN,Active,Y,05/10/2022,1,0,0,A002,BOS_2,Free Internet (10GB),October,2022
S769,18,71,Male,12,SARAWAK,EAST WEST,Active,N,?,Unknown,0,0,Unknown,Unknown,Unknown,October,2022
S77,14,23,Male,13,TERENGGANU,EASTERN,Active,Y,05/10/2022,1,0.6,0,A002,BOS_2,Free Internet (10GB),October,2022
S770,131,71,Male,8,PENANG,NORTHERN,Active,N,?,Unknown,8.5,12.2,Unknown,Unknown,Unknown,October,2022
S771,175,71,Female,4,KLANG VALLEY,CENTRAL,Active,N,?,Unknown,0,0,Unknown,Unknown,Unknown,October,2022
S772,93,71,Male,2,KEDAH,NORTHERN,Active,N,?,Unknown,0,1,Unknown,Unknown,Unknown,October,2022
S773,132,71,Female,8,PENANG,NORTHERN,Close,N,?,Unknown,0,0,Unknown,Unknown,Unknown,October,2022
S774,180,71,Male,4,KLANG VALLEY,CENTRAL,Active,N,?,Unknown,0,0,Unknown,Unknown,Unknown,October,2022
S775,21,71,Male,9,PERAK,NORTHERN,Active,N,?,Unknown,1.01,30,Unknown,Unknown,Unknown,October,2022
S776,82,71,Unspecified,11,SABAH,EAST WEST,Active,Y,05/10/2022,1,0,0,A002,BOS_2,Free Internet (10GB),October,2022
S777,277,71,Male,8,PENANG,NORTHERN,Active,Y,05/10/2022,1,0,0.06,A002,BOS_2,Free Internet (10GB),October,2022
S778,196,71,Male,8,PENANG,NORTHERN,Active,N,?,Unknown,0,2.48,Unknown,Unknown,Unknown,October,2022
S779,46,71,Male,11,SABAH,EAST WEST,Active,N,?,Unknown,0.6,0,Unknown,Unknown,Unknown,October,2022
S78,48,23,Male,3,KELANTAN,EASTERN,Active,Y,05/10/2022,1,0,0,A002,BOS_2,Free Internet (10GB),October,2022
S780,27,72,Male,6,N SEMBILAN,SOURTHERN,Active,Y,05/10/2022,1,5.46,0,A002,BOS_2,Free Internet (10GB),October,2022
S781,36,72,Female,9,PERAK,NORTHERN,Active,Y,05/10/2022,1,10.5,0,A002,BOS_2,Free Internet (10GB),October,2022
S782,16,72,Male,8,PENANG,NORTHERN,Active,Y,06/10/2022,2,0,0,A002,BOS_2,Free Internet (10GB),October,2022
S783,238,72,Male,8,PENANG,NORTHERN,Active,Y,06/10/2022,2,0.08,0.04,A002,BOS_2,Free Internet (10GB),October,2022
S784,54,72,Female,4,KLANG VALLEY,CENTRAL,Close,N,?,Unknown,0,0,Unknown,Unknown,Unknown,October,2022
S785,294,73,Male,4,KLANG VALLEY,CENTRAL,Close,Y,05/10/2022,1,12.48,0,A002,BOS_2,Free Internet (10GB),October,2022
S786,18,73,Male,9,PERAK,NORTHERN,Active,Y,06/10/2022,2,0,62.41,A002,BOS_2,Free Internet (10GB),October,2022
S787,27,73,Female,9,PERAK,NORTHERN,Active,N,?,Unknown,2.4,0,Unknown,Unknown,Unknown,October,2022
S788,242,73,Female,9,PERAK,NORTHERN,Active,N,?,Unknown,0,0,Unknown,Unknown,Unknown,October,2022
S789,197,73,Male,11,SABAH,EAST WEST,Active,Y,06/10/2022,2,22.33,0.59,A002,BOS_2,Free Internet (10GB),October,2022
S79,29,23,Female,2,KEDAH,NORTHERN,Active,Y,06/10/2022,2,5,0,A001,BOS_1,FREE Internet (18GB),October,2022
S790,227,73,Female,4,KLANG VALLEY,CENTRAL,Active,Y,06/10/2022,2,6,16,A002,BOS_2,Free Internet (10GB),October,2022
S791,214,73,Male,11,SABAH,EAST WEST,Active,Y,05/10/2022,1,0,0,A002,BOS_2,Free Internet (10GB),October,2022
S792,43,73,Male,4,KLANG VALLEY,CENTRAL,Active,Y,05/10/2022,1,0,0,A002,BOS_2,Free Internet (10GB),October,2022
S793,197,73,Male,8,PENANG,NORTHERN,Active,Y,05/10/2022,1,0,0,A002,BOS_2,Free Internet (10GB),October,2022
S794,200,73,Male,9,PERAK,NORTHERN,Active,Y,06/10/2022,2,0.32,0,A002,BOS_2,Free Internet (10GB),October,2022
S795,33,73,Male,4,KLANG VALLEY,CENTRAL,Active,Y,06/10/2022,2,0,0,A002,BOS_2,Free Internet (10GB),October,2022
S796,126,74,Female,8,PENANG,NORTHERN,Active,N,?,Unknown,0,0,Unknown,Unknown,Unknown,October,2022
S797,32,74,Female,8,PENANG,NORTHERN,Active,N,?,Unknown,0,0,Unknown,Unknown,Unknown,October,2022
S798,22,74,Male,4,KLANG VALLEY,CENTRAL,Active,Y,05/10/2022,1,0,0,A002,BOS_2,Free Internet (10GB),October,2022
S799,72,74,Male,4,KLANG VALLEY,CENTRAL,Active,Y,06/10/2022,2,0,9.9,A002,BOS_2,Free Internet (10GB),October,2022
S8,60,22,Female,1,JOHORE,SOURTHERN,Active,Y,05/10/2022,1,0.3,0.3,A002,BOS_2,Free Internet (10GB),October,2022
S80,16,24,Male,11,SABAH,EAST WEST,Active,Y,06/10/2022,2,0,1.4,A001,BOS_1,FREE Internet (18GB),October,2022
S800,234,74,Male,8,PENANG,NORTHERN,Active,Y,05/10/2022,1,0,8,A002,BOS_2,Free Internet (10GB),October,2022
S801,94,74,Male,9,PERAK,NORTHERN,Active,N,?,Unknown,1.68,0,Unknown,Unknown,Unknown,October,2022
S802,28,74,Female,4,KLANG VALLEY,CENTRAL,Active,N,?,Unknown,0,0,Unknown,Unknown,Unknown,October,2022
S803,90,74,Male,12,SARAWAK,EAST WEST,Active,N,?,Unknown,1.36,1.28,Unknown,Unknown,Unknown,October,2022
S804,116,74,Male,6,N SEMBILAN,SOURTHERN,Active,Y,05/10/2022,1,36.4,0,A002,BOS_2,Free Internet (10GB),October,2022
S805,24,74,Male,4,KLANG VALLEY,CENTRAL,Active,Y,06/10/2022,2,0,0,A002,BOS_2,Free Internet (10GB),October,2022
S806,232,75,Male,11,SABAH,EAST WEST,Close,N,?,Unknown,0,0,Unknown,Unknown,Unknown,October,2022
S807,163,75,Male,1,JOHORE,SOURTHERN,Active,Y,05/10/2022,1,0.2,0,A002,BOS_2,Free Internet (10GB),October,2022
S808,170,75,Male,9,PERAK,NORTHERN,Active,Y,06/10/2022,2,0.08,0,A002,BOS_2,Free Internet (10GB),October,2022
S809,160,75,Male,8,PENANG,NORTHERN,Active,Y,06/10/2022,2,0,0,A002,BOS_2,Free Internet (10GB),October,2022
S81,40,24,Female,1,JOHORE,SOURTHERN,Active,Y,06/10/2022,2,4,8,A002,BOS_2,Free Internet (10GB),October,2022
S810,25,75,Male,6,N SEMBILAN,SOURTHERN,Active,N,?,Unknown,0,0,Unknown,Unknown,Unknown,October,2022
S811,280,75,Male,4,KLANG VALLEY,CENTRAL,Active,Y,05/10/2022,1,0,0,A002,BOS_2,Free Internet (10GB),October,2022
S812,15,75,Male,4,KLANG VALLEY,CENTRAL,Active,Y,05/10/2022,1,0,0,A002,BOS_2,Free Internet (10GB),October,2022
S813,24,76,Male,1,JOHORE,SOURTHERN,Active,N,?,Unknown,0,0,Unknown,Unknown,Unknown,October,2022
S814,58,76,Male,4,KLANG VALLEY,CENTRAL,Active,Y,05/10/2022,1,0,0,A002,BOS_2,Free Internet (10GB),October,2022
S815,46,76,Male,1,JOHORE,SOURTHERN,Active,Y,06/10/2022,2,0,0,A002,BOS_2,Free Internet (10GB),October,2022
S816,23,77,Female,4,KLANG VALLEY,CENTRAL,Active,Y,06/10/2022,2,0.8,0,A002,BOS_2,Free Internet (10GB),October,2022
S817,15,77,Female,11,SABAH,EAST WEST,Active,N,?,Unknown,0,0,Unknown,Unknown,Unknown,October,2022
S818,78,77,Male,8,PENANG,NORTHERN,Active,N,?,Unknown,0,0,Unknown,Unknown,Unknown,October,2022
S819,60,78,Male,13,TERENGGANU,EASTERN,Active,N,?,Unknown,0,0,Unknown,Unknown,Unknown,October,2022
S82,24,24,Male,4,KLANG VALLEY,CENTRAL,Active,Y,05/10/2022,1,0,0,A002,BOS_2,Free Internet (10GB),October,2022
S820,74,78,Female,2,KEDAH,NORTHERN,Active,Y,05/10/2022,1,0,0,A002,BOS_2,Free Internet (10GB),October,2022
S821,292,78,Female,9,PERAK,NORTHERN,Active,Y,06/10/2022,2,0.2,0,A002,BOS_2,Free Internet (10GB),October,2022
S822,288,78,Male,8,PENANG,NORTHERN,Close,N,?,Unknown,0,0,Unknown,Unknown,Unknown,October,2022
S823,155,78,Male,1,JOHORE,SOURTHERN,Active,N,?,Unknown,0,0,Unknown,Unknown,Unknown,October,2022
S824,28,78,Female,4,KLANG VALLEY,CENTRAL,Close,N,?,Unknown,0,0,Unknown,Unknown,Unknown,October,2022
S825,241,78,Male,6,N SEMBILAN,SOURTHERN,Active,Y,05/10/2022,1,0,0,A001,BOS_1,FREE Internet (18GB),October,2022
S826,56,79,Female,12,SARAWAK,EAST WEST,Active,Y,05/10/2022,1,0.3,0.2,A001,BOS_1,FREE Internet (18GB),October,2022
S827,157,79,Female,8,PENANG,NORTHERN,Close,N,?,Unknown,0,0,Unknown,Unknown,Unknown,October,2022
S828,215,79,Female,4,KLANG VALLEY,CENTRAL,Active,Y,05/10/2022,1,1.69,2.08,A001,BOS_1,FREE Internet (18GB),October,2022
S829,38,79,Male,12,SARAWAK,EAST WEST,Active,Y,06/10/2022,2,0,0,A001,BOS_1,FREE Internet (18GB),October,2022
S83,59,24,Male,11,SABAH,EAST WEST,Active,N,?,Unknown,0.8,0,A002,Unknown,Unknown,October,2022
S830,30,79,Female,12,SARAWAK,EAST WEST,Active,Y,05/10/2022,1,0,0,A001,BOS_1,FREE Internet (18GB),October,2022
S831,24,79,Male,13,TERENGGANU,EASTERN,Active,N,?,Unknown,0,0,Unknown,Unknown,Unknown,October,2022
S832,193,79,Male,9,PERAK,NORTHERN,Active,N,?,Unknown,0,0,Unknown,Unknown,Unknown,October,2022
S833,38,80,Female,9,PERAK,NORTHERN,Active,Y,06/10/2022,2,0.3,0,A001,BOS_1,FREE Internet (18GB),October,2022
S834,131,80,Female,11,SABAH,EAST WEST,Active,N,?,Unknown,0,0,Unknown,Unknown,Unknown,October,2022
S835,155,81,Male,4,KLANG VALLEY,CENTRAL,Active,Y,06/10/2022,2,0,0.32,A001,BOS_1,FREE Internet (18GB),October,2022
S836,245,81,Female,1,JOHORE,SOURTHERN,Active,Y,05/10/2022,1,1.52,0,A001,BOS_1,FREE Internet (18GB),October,2022
S837,42,81,Male,4,KLANG VALLEY,CENTRAL,Active,N,?,Unknown,0,0,Unknown,Unknown,Unknown,October,2022
S838,159,82,Male,4,KLANG VALLEY,CENTRAL,Active,Y,05/10/2022,1,0,0.32,A001,BOS_1,FREE Internet (18GB),October,2022
S839,83,82,Female,1,JOHORE,SOURTHERN,Active,N,?,Unknown,0,35.11,Unknown,Unknown,Unknown,October,2022
S84,84,24,Male,2,KEDAH,NORTHERN,Active,N,?,Unknown,3,4,Unknown,Unknown,Unknown,October,2022
S840,119,82,Male,4,KLANG VALLEY,CENTRAL,Active,Y,06/10/2022,2,0.1,0,A001,BOS_1,FREE Internet (18GB),October,2022
S841,83,82,Female,9,PERAK,NORTHERN,Active,Y,06/10/2022,2,0,6.57,A001,BOS_1,FREE Internet (18GB),October,2022
S842,16,82,Male,9,PERAK,NORTHERN,Active,Y,05/10/2022,1,4.4,0,A001,BOS_1,FREE Internet (18GB),October,2022
S843,18,82,Male,9,PERAK,NORTHERN,Active,N,?,Unknown,0.9,0,Unknown,Unknown,Unknown,October,2022
S844,200,-9999,F,4,KLANG VALLEY,CENTRAL,Active,N,?,Unknown,0,0,Unknown,Unknown,Unknown,October,2022
S845,35,85,Female,9,PERAK,NORTHERN,Active,Y,05/10/2022,1,0,0,A001,BOS_1,FREE Internet (18GB),October,2022
S846,156,-9999,Male,4,KLANG VALLEY,CENTRAL,Active,N,?,Unknown,0,0,Unknown,Unknown,Unknown,October,2022
S847,18,86,Male,11,SABAH,EAST WEST,Active,Y,05/10/2022,1,0,0,A001,BOS_1,FREE Internet (18GB),October,2022
S848,81,86,Male,8,PENANG,NORTHERN,Active,Y,06/10/2022,2,1.39,0,A001,BOS_1,FREE Internet (18GB),October,2022
S849,186,-9999,F ,4,KLANG VALLEY,CENTRAL,Active,N,?,Unknown,0,0,Unknown,Unknown,Unknown,October,2022
S85,69,24,Female,9,PERAK,NORTHERN,Active,Y,06/10/2022,2,12,0,A002,BOS_2,Free Internet (10GB),October,2022
S850,32,88,Female,11,SABAH,EAST WEST,Active,Y,05/10/2022,1,0,0,A001,BOS_1,FREE Internet (18GB),October,2022
S86,69,24,Male,1,JOHORE,SOURTHERN,Active,N,?,Unknown,0,0,Unknown,Unknown,Unknown,October,2022
S87,17,24,Female,6,N SEMBILAN,SOURTHERN,Active,N,?,Unknown,0,0,Unknown,Unknown,Unknown,October,2022
S88,24,24,Female,13,TERENGGANU,EASTERN,Close,N,?,Unknown,0,0,Unknown,Unknown,Unknown,October,2022
S89,65,24,Male,1,JOHORE,SOURTHERN,Active,Y,06/10/2022,2,0,0,A002,BOS_2,Free Internet (10GB),October,2022
S9,29,22,Male,13,TERENGGANU,EASTERN,Active,Y,06/10/2022,2,0,0,A002,BOS_2,Free Internet (10GB),October,2022
S90,39,24,Male,1,JOHORE,SOURTHERN,Active,Y,05/10/2022,1,3,0,A002,BOS_2,Free Internet (10GB),October,2022
S91,17,24,Female,12,SARAWAK,EAST WEST,Active,Y,06/10/2022,2,0,0,A002,BOS_2,Free Internet (10GB),October,2022
S92,52,24,Female,4,KLANG VALLEY,CENTRAL,Active,Y,05/10/2022,1,2,0.34,A002,BOS_2,Free Internet (10GB),October,2022
S93,53,24,Female,5,MALACCA,SOURTHERN,Active,Y,06/10/2022,2,0,0,A002,BOS_2,Free Internet (10GB),October,2022
S94,24,24,Male,4,KLANG VALLEY,CENTRAL,Active,N,?,Unknown,8,55.4,Unknown,Unknown,Unknown,October,2022
S95,35,24,Male,3,KELANTAN,EASTERN,Active,Y,05/10/2022,1,0,0,A002,BOS_2,Free Internet (10GB),October,2022
S96,53,24,Male,2,KEDAH,NORTHERN,Active,Y,05/10/2022,1,0.02,5,A002,BOS_2,Free Internet (10GB),October,2022
S97,85,24,Male,1,JOHORE,SOURTHERN,Active,Y,06/10/2022,2,0,0,A002,BOS_2,Free Internet (10GB),October,2022
S98,75,24,Male,9,PERAK,NORTHERN,Active,N,?,Unknown,0,0,Unknown,Unknown,Unknown,October,2022
S99,48,24,Female,4,KLANG VALLEY,CENTRAL,Active,N,?,Unknown,0,0,Unknown,Unknown,Unknown,October,2022